D,a,t,a, ,f,o,r, ,G,r,e,e,k, ,S,y,m,b,o,l, ,d,a,t,a, ,s,e,t,:
199,198,199,198,198,199,197,196,196,197,197,198,200,200,200,200,200,200,200,200,200,200,200,200,200,199,199,199,199,198,198,198,198,198,196,195,196,196,196,198,199,200,199,199,200,200,200,200,200,199,200,200,200,199,199,199,198,198,198,198,198,197,196,194,196,195,195,196,197,198,199,199,199,199,199,199,199,200,200,199,199,199,199,199,198,198,198,198,198,198,198,196,196,196,196,195,197,199,198,199,199,199,199,199,199,200,200,199,199,199,199,199,198,198,198,197,198,198,197,196,196,195,195,194,196,197,198,199,199,199,199,199,197,200,200,199,199,199,198,198,197,198,197,198,198,198,197,196,196,196,195,195,195,195,197,198,199,199,200,182,133,182,200,199,198,198,198,198,198,198,197,198,198,197,196,196,193,192,196,196,196,196,197,198,199,199,186,128,162,183,199,199,199,199,198,198,198,198,198,198,197,197,193,187,136,119,155,189,197,197,197,198,199,195,129,142,196,199,198,199,199,198,197,198,197,197,198,198,197,197,196,188,180,179,141,143,195,197,196,198,198,162,138,192,199,199,198,198,199,198,197,198,197,197,197,198,197,196,196,193,194,198,191,133,174,196,197,198,178,117,180,199,198,198,198,198,199,198,197,198,196,197,197,197,196,196,196,196,197,198,199,174,126,191,197,194,122,144,196,198,198,198,198,198,199,197,197,198,196,197,197,197,196,196,197,197,197,198,198,197,131,173,198,169,124,190,198,198,198,198,198,198,198,198,198,197,197,197,197,197,197,197,197,197,197,197,197,198,151,146,186,118,175,199,198,198,198,198,198,198,198,198,198,198,196,197,198,198,198,198,197,197,196,196,196,197,162,140,138,138,197,199,199,198,198,198,198,198,198,198,198,197,196,197,198,197,197,197,195,195,194,194,194,195,149,126,122,187,198,198,199,199,198,198,198,198,198,197,197,197,197,197,197,197,197,196,194,193,193,193,193,195,152,102,157,197,197,197,198,198,198,198,198,197,197,197,197,197,197,197,197,197,197,196,195,195,194,195,195,196,163,125,192,198,197,197,198,198,198,198,197,197,197,197,196,196,197,197,197,197,197,196,195,195,195,192,194,190,126,169,198,198,198,197,196,197,198,197,197,197,197,196,196,196,197,197,197,197,196,195,194,196,195,192,192,158,139,195,197,198,198,196,195,196,197,197,196,197,195,195,196,197,197,197,197,197,196,194,192,194,194,194,186,127,181,198,198,198,197,196,194,195,196,197,197,197,195,196,197,198,197,197,197,197,197,196,194,192,194,195,159,144,196,198,198,198,197,196,196,195,196,197,197,198,198,198,198,198,197,196,196,196,197,196,196,194,194,194,143,176,197,197,198,198,197,197,196,195,196,197,197,198,197,198,198,198,196,196,196,196,196,195,193,193,194,186,150,193,196,198,198,197,196,196,196,195,196,196,195,196,196,196,197,198,196,196,196,196,195,194,193,193,194,185,169,196,195,197,198,197,196,196,196,194,195,195,195,195,196,197,197,197,196,196,196,195,194,194,193,195,195,192,180,195,196,196,197,198,197,196,197,196,195,194,195,194,196,197,197,197,196,196,196,195,194,193,192,193,192,193,188,194,196,197,197,197,197,197,197,197,195,195,195,194,195,196,197,197,195,195,195,195,195,194,194,193,193,193,193,195,196,197,197,197,197,196,197,197,196,195,195,195,196,196,197,197,194,194,195,195,195,195,195,195,195,195,194,195,195,196,196,197,197,197,196,196,196,196,196,195,196,197,197,197
196,196,196,197,197,197,196,196,194,192,192,192,192,193,193,194,195,195,196,197,196,196,196,197,198,198,197,197,195,196,196,197,197,197,197,195,195,194,193,192,193,193,193,194,195,195,195,196,197,197,196,196,198,198,197,198,193,195,196,196,197,197,197,196,196,195,194,194,194,193,193,194,195,195,195,195,197,197,197,197,198,198,197,197,193,195,196,196,196,197,196,196,196,196,195,195,194,193,193,194,194,195,195,195,197,197,197,198,197,197,198,198,194,195,196,196,196,196,196,195,195,195,195,195,194,192,192,192,193,195,195,196,197,198,196,198,197,197,197,197,193,194,195,195,195,196,195,194,194,191,193,193,192,190,191,192,193,195,195,197,195,168,142,169,194,197,197,197,193,194,195,195,195,195,195,195,194,191,177,183,191,190,191,192,193,195,197,184,138,137,177,187,196,197,197,197,194,195,195,195,195,194,196,196,195,193,180,153,189,192,192,194,195,192,159,123,156,191,196,197,197,197,197,196,194,195,196,196,195,194,194,194,193,192,188,132,176,193,193,194,183,131,130,181,196,197,197,197,197,196,196,196,195,195,196,195,195,194,194,193,193,191,192,137,166,191,194,180,116,140,189,197,197,197,197,197,197,197,197,197,194,196,196,196,196,194,194,193,192,191,192,143,158,191,180,118,151,192,197,197,197,196,197,197,197,197,197,197,195,196,196,195,195,194,194,194,193,191,191,147,156,180,126,141,192,196,197,197,197,196,197,197,197,196,197,197,194,195,195,195,194,193,194,194,193,191,191,136,145,115,140,191,195,196,196,196,197,197,197,197,197,197,197,197,194,196,195,195,194,194,194,194,194,192,191,119,102,126,185,194,195,195,196,197,197,197,197,196,197,197,197,197,194,195,196,195,195,195,194,194,194,194,187,101,124,183,194,194,195,195,196,196,197,197,196,197,197,197,196,196,195,195,195,195,195,195,194,194,194,193,154,125,185,194,194,195,195,196,196,196,197,196,196,197,197,196,196,197,194,195,195,194,195,195,194,193,193,159,135,183,192,193,194,194,195,195,195,195,196,197,197,197,197,197,197,197,192,193,194,194,194,194,193,193,167,124,181,193,192,193,194,194,194,194,195,195,197,197,197,197,197,197,197,197,191,193,194,193,194,194,194,180,136,175,192,192,192,193,194,195,194,194,194,195,197,197,197,196,197,197,196,196,190,191,192,194,194,193,188,144,171,189,190,192,192,194,195,195,196,195,195,195,197,197,196,196,196,196,196,196,191,191,191,193,192,192,163,165,190,191,192,192,192,193,194,196,196,196,195,196,196,196,196,195,196,196,196,196,192,192,192,192,191,187,160,190,192,191,191,192,192,192,194,195,196,196,195,196,196,196,196,196,196,197,197,196,192,192,191,190,190,182,183,192,191,190,191,192,192,192,195,195,196,196,196,195,196,196,196,196,197,197,197,197,192,192,191,190,189,182,186,191,190,190,191,192,192,192,194,196,196,196,196,196,197,197,196,196,196,197,197,197,192,192,191,191,189,189,188,190,190,191,190,191,191,193,194,195,195,196,196,197,197,196,196,196,196,197,197,197,192,192,192,192,192,192,191,191,190,191,190,191,191,192,194,195,195,195,196,197,197,197,196,196,196,197,197,197,193,192,192,192,193,192,192,191,190,190,190,190,190,192,194,194,194,195,196,196,196,196,196,195,196,197,197,197,193,193,193,193,193,192,192,192,191,191,192,191,191,192,194,194,195,196,196,196,195,195,196,195,196,196,197,196
200,200,200,200,200,199,199,199,199,200,200,199,199,199,198,198,199,199,199,198,198,198,198,198,198,198,198,198,200,200,200,200,200,199,199,199,199,199,200,199,199,199,199,199,199,199,199,199,198,198,198,198,198,198,198,198,200,200,200,199,199,199,199,199,199,199,199,199,199,199,199,199,199,199,199,199,198,198,198,199,198,198,199,198,200,200,200,199,199,198,199,199,199,198,198,198,199,199,199,199,199,199,199,199,198,198,199,199,198,198,198,198,199,199,199,199,199,199,199,198,198,198,198,198,199,199,199,199,199,199,199,199,198,198,199,199,198,198,198,198,199,199,199,199,199,199,199,199,199,199,198,198,197,198,199,199,199,199,200,200,198,198,198,198,198,198,198,198,198,199,199,199,198,198,199,199,199,195,167,143,187,198,199,198,199,199,190,161,184,197,198,198,198,198,198,198,198,199,198,198,198,198,199,199,198,184,161,144,143,194,199,198,198,190,132,153,188,198,198,198,198,198,198,198,198,198,198,198,198,198,198,198,197,192,183,196,148,169,197,198,193,131,150,194,197,198,198,198,198,198,198,198,197,198,198,198,198,199,199,198,198,198,196,198,170,148,196,196,149,132,190,197,198,198,197,197,197,198,197,197,198,198,198,198,198,198,199,198,198,198,198,198,184,138,194,165,128,188,197,197,198,198,198,198,198,198,198,198,198,198,198,198,198,198,198,198,198,198,198,198,182,131,181,118,172,197,197,197,197,198,198,198,198,198,198,198,198,198,198,198,198,198,198,198,198,197,198,199,181,132,127,143,194,198,198,197,197,197,197,198,198,198,198,198,198,198,198,198,198,198,198,198,198,198,198,198,178,113,109,180,196,198,198,198,198,197,197,197,198,198,198,198,198,198,197,198,198,198,198,198,198,197,197,198,182,93,136,190,197,198,198,198,198,198,196,197,197,197,197,197,197,197,198,198,198,198,198,198,198,198,197,198,164,123,189,198,198,197,198,198,198,198,197,197,197,197,197,197,197,197,197,198,198,198,198,198,197,198,198,192,124,169,196,198,198,198,198,197,198,198,197,197,197,197,197,197,197,197,196,197,197,198,198,198,198,198,198,168,130,193,197,198,198,198,198,197,197,197,197,197,197,197,197,198,197,197,197,197,197,198,198,198,198,197,196,130,164,197,197,197,197,198,197,197,197,196,197,197,197,197,197,197,197,197,197,197,196,196,197,198,197,198,180,123,189,197,197,198,198,198,197,197,197,196,197,197,197,197,197,197,197,197,197,196,197,197,197,197,197,197,145,156,197,197,197,198,198,198,197,197,197,197,197,197,197,196,196,197,198,198,197,197,197,197,197,197,197,191,126,181,197,197,197,197,198,198,197,197,197,197,197,197,197,197,197,197,197,198,197,197,197,197,197,197,197,188,148,193,196,196,197,197,197,197,197,197,197,197,197,196,197,197,197,197,197,197,197,197,197,197,197,197,197,190,172,196,196,196,196,196,197,197,197,197,197,197,197,197,196,197,197,196,196,197,197,197,197,197,197,197,197,195,184,196,196,196,197,197,197,197,197,197,197,197,197,197,197,197,197,197,197,197,197,196,196,196,197,197,197,198,192,195,196,196,197,197,197,197,197,197,197,197,197,197,197,197,197,196,197,197,196,197,197,197,197,197,197,198,198,196,197,197,197,196,197,197,197,197,197,197,197,197,196,196,196,196,197,197,197,197,196,197,197,198,197,197,197,196,197,197,197,196,197,197,197,197,197,196,196,196,196,196,196,195
198,198,198,198,198,198,197,196,196,195,195,195,194,193,192,193,193,194,195,196,197,197,196,196,196,195,196,195,198,198,198,198,198,198,197,197,196,196,196,195,193,192,191,192,194,194,196,197,198,193,195,196,196,196,196,193,198,198,198,198,198,197,197,196,196,197,196,195,193,193,191,190,193,193,195,197,190,146,188,196,196,195,193,194,198,197,198,198,198,197,196,196,195,196,195,195,193,192,192,190,191,193,193,194,151,156,193,196,196,195,192,195,198,198,197,197,198,196,194,195,194,193,194,194,192,192,193,193,192,193,194,168,129,188,196,196,196,195,191,193,198,197,197,196,196,195,193,194,192,191,192,192,191,190,191,191,191,193,187,120,169,196,196,196,196,195,194,194,197,198,197,196,195,194,194,194,193,193,192,190,191,192,192,192,192,190,147,137,194,196,196,196,196,196,196,196,197,197,196,195,194,193,194,194,193,172,137,139,161,190,191,192,194,169,119,181,195,195,195,195,195,196,195,195,196,196,196,195,194,194,194,194,176,161,178,181,126,173,191,192,185,113,154,193,195,195,196,195,195,195,194,192,196,196,196,195,194,194,192,192,181,177,193,194,157,137,190,190,137,126,187,194,195,195,196,196,195,195,194,194,196,196,196,195,193,192,191,191,191,191,193,194,181,114,181,168,113,181,193,195,196,195,196,195,195,195,195,194,196,196,195,195,193,193,192,192,192,192,193,192,191,130,150,122,158,191,193,195,196,196,196,195,195,195,194,194,197,195,195,195,193,194,193,192,192,192,192,191,193,171,89,106,177,192,194,196,195,196,196,196,195,195,193,193,196,195,194,194,194,194,194,194,194,193,192,191,193,162,101,148,189,192,195,196,196,196,196,196,196,195,192,192,195,195,194,194,195,196,196,194,194,194,193,193,183,114,164,192,193,194,195,196,196,196,196,196,195,193,190,191,195,195,195,195,196,195,195,195,195,195,194,194,139,143,192,195,194,194,195,196,196,195,195,195,194,193,190,191,196,195,195,194,196,196,195,195,195,195,195,166,132,188,195,195,195,195,195,195,195,194,194,195,194,192,190,191,196,195,195,194,195,196,196,195,195,196,181,119,175,194,195,194,195,195,195,195,195,194,194,194,193,191,187,189,195,195,194,194,194,195,196,196,197,191,125,152,192,193,193,193,194,193,194,195,195,194,194,193,192,192,190,190,195,195,195,195,195,195,195,196,197,161,141,191,193,191,190,192,192,191,193,195,195,195,195,194,193,192,192,191,196,195,195,195,195,195,195,197,182,127,182,194,193,192,192,192,192,192,193,194,194,195,195,195,194,192,191,191,195,195,195,195,194,194,195,194,137,161,196,195,192,191,192,193,193,194,193,194,195,195,195,195,194,194,193,193,195,194,195,195,195,194,195,178,136,192,195,194,192,192,191,192,193,194,194,194,195,195,195,195,195,195,195,194,195,195,195,195,195,195,196,158,168,196,195,194,193,193,192,192,192,193,194,194,194,195,194,195,195,194,194,194,195,195,195,195,195,194,197,158,180,195,194,194,193,192,193,192,192,194,195,195,195,194,195,195,195,195,194,194,194,194,194,194,194,195,196,186,185,193,195,194,193,193,194,193,193,194,195,195,195,195,195,195,194,193,193,192,193,193,193,194,195,196,195,195,194,195,195,194,192,192,192,191,192,194,194,195,195,195,195,194,194,192,192,192,193,193,193,194,195,196,196,196,195,195,195,193,192,192,192,191,192,193,193,193,194,195,194,194,194,192,192,192
204,203,202,202,202,201,202,202,203,203,204,205,205,205,205,205,205,205,204,204,205,204,203,203,202,202,203,202,203,203,203,202,202,201,202,201,202,203,204,205,205,204,205,205,205,205,204,204,204,204,204,203,202,202,202,203,203,203,203,202,202,202,201,202,202,203,204,204,204,204,205,205,205,205,205,204,205,205,204,202,202,202,202,202,203,203,203,202,202,202,201,202,203,203,204,204,204,204,205,205,205,205,205,205,196,165,186,201,202,202,201,202,203,203,203,203,203,203,203,203,203,203,205,206,204,200,201,205,205,205,206,192,153,152,186,201,201,202,203,202,204,204,204,203,204,204,203,203,203,204,199,174,146,132,155,201,205,206,196,139,172,201,203,203,201,201,202,201,204,204,204,203,204,205,205,204,205,185,147,149,180,169,127,197,204,204,153,153,199,203,203,203,201,201,201,201,204,204,204,204,205,205,206,204,178,136,168,195,203,177,127,197,203,184,128,191,202,203,203,203,202,201,202,201,204,204,204,204,204,205,201,160,141,182,204,204,204,169,140,202,201,140,160,202,204,204,203,203,202,202,201,201,204,204,204,204,205,195,132,138,195,204,203,203,204,147,153,202,169,118,190,204,205,205,204,203,203,202,201,201,204,204,204,205,205,146,97,183,204,203,202,203,196,118,177,198,125,159,200,203,204,204,203,202,202,201,201,200,204,204,203,205,202,139,169,200,203,203,203,204,188,120,190,178,120,191,202,203,204,203,201,202,201,201,201,201,203,203,203,203,203,173,182,202,203,203,203,204,177,120,193,142,157,202,203,202,203,202,201,201,201,201,201,201,203,203,202,202,202,202,199,203,203,203,202,203,165,128,179,122,189,201,196,200,203,202,201,201,201,201,200,200,202,202,202,202,202,202,203,203,203,203,203,203,169,111,129,143,176,186,198,203,202,202,202,201,201,201,200,200,202,201,201,200,202,202,203,204,203,203,203,202,194,126,88,128,176,202,203,203,202,201,201,201,201,200,200,200,201,201,201,201,201,202,202,203,202,202,201,202,202,142,145,193,201,203,202,202,201,202,202,202,201,200,200,200,201,200,201,200,201,202,203,202,202,202,202,202,189,123,185,201,202,202,202,202,202,202,201,201,201,200,200,200,200,200,200,200,201,202,202,202,202,202,201,201,152,146,198,201,202,202,202,202,201,201,201,201,201,200,200,200,199,200,200,200,200,202,202,202,202,201,202,189,124,182,201,201,201,202,201,201,200,200,201,202,201,200,200,199,200,200,200,200,201,202,203,202,201,201,202,163,149,200,203,202,201,201,201,201,200,199,201,201,201,200,200,200,200,200,200,201,201,202,203,202,202,202,197,141,184,202,202,201,201,202,201,201,201,201,201,201,201,200,199,199,201,201,201,201,201,201,203,203,202,203,176,144,199,203,202,202,202,202,202,201,201,201,201,201,200,200,198,198,201,200,201,201,202,202,203,202,202,203,155,162,202,203,202,202,202,202,202,201,201,201,201,201,200,199,198,198,201,200,200,201,202,201,202,202,202,200,152,173,202,203,203,202,202,202,201,201,201,201,200,200,199,199,198,198,200,200,201,202,202,201,201,201,201,200,172,178,201,202,202,202,202,202,201,201,201,201,200,199,199,199,198,198,201,201,201,201,202,202,202,202,201,200,198,187,198,202,203,203,202,202,201,201,201,201,200,199,198,198,198,198,201,201,201,201,202,202,202,202,201,201,201,201,202,201,202,203,202,202,201,200,200,200,199,199,198,197,197,198
201,200,201,201,201,200,200,200,200,201,200,201,201,201,201,201,200,200,200,200,200,200,200,200,200,201,201,200,201,201,201,201,201,201,200,200,200,200,201,201,201,201,201,201,200,200,200,200,200,200,199,200,200,200,201,201,201,201,201,201,201,200,200,200,200,200,200,200,199,201,201,201,200,200,200,200,200,201,200,200,200,200,200,200,201,201,201,201,201,201,200,200,200,200,199,198,199,200,201,201,200,200,201,201,201,201,201,200,200,200,199,200,201,200,201,201,201,200,200,200,200,200,200,200,200,200,200,201,201,201,201,201,201,201,200,200,199,199,200,200,201,200,201,200,200,200,200,200,200,200,200,200,200,201,200,200,200,201,201,201,190,192,199,199,199,199,199,199,201,200,200,200,200,199,199,199,200,199,200,200,201,200,200,200,199,200,201,184,140,169,198,199,199,199,199,199,200,200,200,200,199,199,199,198,199,200,199,192,192,199,200,200,200,200,182,133,179,198,200,199,199,199,199,198,200,200,200,200,200,199,199,199,195,176,153,129,130,173,198,198,199,190,129,164,196,199,199,198,199,199,199,199,200,199,200,200,200,199,198,183,142,142,171,186,163,131,194,198,194,141,151,194,198,199,198,198,199,199,199,199,200,199,200,200,199,198,179,108,147,191,196,198,180,116,190,196,149,128,190,198,198,199,199,199,199,199,199,199,200,200,200,200,199,198,183,147,193,198,198,197,175,113,192,175,113,179,198,199,199,199,199,199,199,199,199,199,199,199,200,199,198,198,196,177,188,198,198,198,175,116,187,128,158,196,198,198,198,199,199,199,199,199,199,199,198,199,199,199,199,198,198,194,194,198,198,198,177,113,153,126,190,196,197,198,198,198,199,198,198,198,198,198,198,198,198,199,199,198,198,198,197,198,198,198,191,118,100,161,175,178,193,198,198,198,198,197,198,197,196,196,197,196,196,197,199,198,198,198,197,198,198,198,197,134,100,138,175,194,198,198,198,198,198,198,198,197,197,196,197,197,196,196,196,197,198,198,197,197,197,199,167,122,182,194,197,198,198,198,198,198,197,198,197,197,197,197,197,197,196,196,196,197,198,197,197,197,198,191,121,164,197,197,198,198,198,197,198,198,197,198,197,197,197,198,198,197,197,197,197,198,198,197,197,197,198,151,147,195,198,198,198,198,198,198,197,198,198,198,198,198,198,198,198,198,197,197,197,198,198,198,197,198,177,116,184,198,198,198,198,198,198,197,197,198,198,198,198,198,198,198,197,197,197,197,197,197,198,198,199,196,127,148,196,197,198,198,198,198,198,198,197,197,197,198,198,199,198,198,197,197,197,197,196,197,197,198,199,192,129,185,197,197,198,198,198,198,198,198,197,197,197,197,198,198,197,196,197,197,197,196,196,197,197,197,198,189,133,189,197,198,198,198,198,198,198,197,197,197,197,197,196,196,196,196,197,197,197,197,197,197,197,198,197,194,144,171,194,198,198,198,198,198,198,198,198,197,198,197,196,196,196,196,196,196,196,197,197,197,198,198,197,197,190,176,184,196,198,199,199,199,200,200,199,199,199,198,197,195,196,196,196,196,195,195,197,198,197,198,199,199,198,198,198,198,199,199,199,200,200,201,200,199,200,199,198,196,196,196,196,195,196,196,197,199,199,199,199,199,199,199,199,199,198,199,199,200,200,201,201,200,201,200,199,199,198,196,196,195,195,196,198,199,199,198,198,198,198,199,199,199,199,199,199,199,200,200,200,200,200,200,200,200,199,199
200,201,201,201,201,201,201,201,201,201,201,199,194,200,200,200,200,199,200,200,200,200,200,200,200,200,200,200,200,200,200,200,201,201,201,201,201,201,201,200,196,200,201,200,200,200,199,199,199,199,200,200,200,199,199,200,200,200,199,200,200,200,201,201,201,200,200,200,200,200,200,200,200,199,199,199,199,199,200,200,199,199,199,199,200,200,200,200,200,200,199,200,200,200,199,199,199,199,199,200,200,199,199,199,199,200,200,199,199,199,199,199,200,200,200,200,200,199,199,199,200,200,199,199,199,199,199,199,199,200,199,196,183,197,199,199,199,199,199,199,200,200,200,200,200,199,199,198,200,200,199,199,199,199,199,198,199,201,189,157,166,195,200,199,198,198,199,199,199,199,200,200,199,199,199,198,197,193,199,199,199,199,199,198,199,194,133,162,195,198,199,199,199,199,199,199,199,199,200,200,200,200,200,196,129,104,164,198,199,199,199,199,199,157,141,196,198,199,199,199,199,199,198,198,199,199,199,200,200,200,200,198,159,156,124,187,198,198,199,200,183,119,181,198,198,198,199,199,198,198,199,199,198,199,199,200,199,198,198,199,178,169,130,177,198,198,198,196,136,148,197,198,197,197,198,198,198,199,199,199,198,199,199,198,199,198,199,199,196,183,125,173,197,197,198,181,123,186,197,198,198,198,198,198,198,198,199,198,198,199,199,199,199,199,199,199,199,194,123,176,196,197,197,146,153,196,197,197,198,198,198,198,198,197,198,197,198,199,199,199,199,199,199,199,198,195,124,171,195,197,183,115,181,197,197,198,198,198,198,198,198,197,197,197,198,198,198,199,199,199,199,199,198,198,135,165,194,193,147,128,195,198,198,198,198,198,198,198,198,198,197,197,198,199,199,199,199,199,199,199,198,198,156,125,148,162,113,173,197,198,197,197,198,198,198,198,198,198,197,197,198,199,199,199,199,198,199,198,198,198,195,171,173,164,130,192,197,197,197,197,197,198,198,198,198,198,197,197,198,198,198,198,198,198,198,198,198,198,198,198,191,131,170,196,197,197,197,197,197,198,198,198,198,197,197,197,198,198,198,197,198,198,198,198,198,197,198,200,169,118,189,197,197,197,197,197,197,197,198,198,197,197,197,197,197,198,198,198,198,199,198,198,198,198,198,198,136,157,196,197,197,197,197,197,197,198,197,197,197,196,197,196,198,198,198,198,197,198,198,198,198,198,198,191,124,184,198,198,198,197,197,197,197,198,197,197,197,196,197,197,197,198,198,198,198,198,198,197,197,198,198,176,137,195,198,198,198,198,197,197,197,197,197,197,197,197,197,197,198,198,198,198,198,198,198,197,197,197,198,161,161,197,198,197,198,197,197,197,197,196,197,197,197,197,197,197,198,198,198,198,197,198,197,197,197,197,198,153,180,197,197,197,197,197,197,197,197,197,197,197,197,197,197,197,198,198,198,197,197,197,197,197,197,197,195,153,189,197,196,197,197,197,197,198,197,197,197,197,197,197,196,197,197,197,197,197,197,197,197,197,197,197,195,169,193,197,197,196,196,198,198,198,196,197,196,197,197,197,197,197,197,196,197,197,197,197,197,197,197,196,196,184,194,197,197,197,197,197,197,197,197,196,196,196,197,197,197,197,197,196,197,196,197,197,196,197,197,196,196,191,195,196,197,197,197,197,197,197,197,196,196,196,196,197,197,197,197,197,197,196,196,196,196,196,196,196,196,196,195,196,196,196,196,197,197,197,197,197,196,196,196,197,197,197
208,208,208,208,208,209,210,210,210,210,210,210,210,209,208,209,209,210,210,209,210,210,210,210,209,208,209,209,208,208,208,208,208,209,209,209,209,209,209,209,209,209,208,209,209,209,209,210,209,210,210,209,209,208,208,208,208,208,208,208,209,208,208,208,209,209,209,208,209,209,208,209,210,210,209,210,209,209,209,209,209,209,208,208,208,207,208,208,208,208,208,208,209,208,208,208,209,209,209,209,210,210,209,209,209,209,209,209,209,209,209,209,207,207,207,208,207,207,207,207,209,208,208,209,209,209,208,209,209,209,209,209,209,209,209,209,209,209,209,209,207,207,207,207,207,207,207,207,207,208,208,208,208,208,208,209,209,208,208,208,209,209,209,209,209,209,209,209,207,207,207,207,208,207,207,207,208,207,208,208,207,207,208,208,208,209,208,209,209,209,208,209,209,209,209,209,207,207,207,207,208,208,208,208,208,208,207,207,208,208,209,209,209,209,209,209,209,209,209,208,209,210,209,209,206,207,207,207,208,207,208,208,208,208,207,207,208,207,209,209,209,209,209,209,208,209,208,208,209,209,208,208,206,206,207,207,207,207,207,207,208,207,207,207,206,206,207,208,208,208,209,208,208,202,206,208,209,209,208,209,206,206,206,207,206,206,207,207,207,206,207,206,205,206,208,208,208,209,209,208,188,151,194,208,208,208,208,208,206,207,206,206,206,206,206,207,207,207,208,207,204,197,195,201,206,207,203,175,143,172,203,207,208,208,207,208,206,206,206,206,206,206,206,207,208,207,194,174,144,130,132,128,161,192,151,130,181,205,206,207,208,208,207,207,205,206,206,206,207,206,206,208,199,160,137,158,181,195,198,179,120,109,139,189,205,207,207,207,208,208,207,207,205,205,205,206,206,205,202,182,156,169,194,204,207,205,187,146,124,112,160,205,206,207,207,207,208,208,207,208,205,205,205,206,205,196,170,159,193,204,204,202,186,146,125,150,190,175,126,196,205,206,207,207,208,207,208,208,204,205,206,205,177,130,179,201,202,195,166,131,129,157,190,203,204,199,132,168,204,204,206,207,207,207,207,207,204,205,205,193,129,159,190,182,155,129,127,159,193,205,205,205,206,206,166,128,196,205,206,206,207,206,207,207,204,204,205,175,113,127,128,142,164,183,198,204,204,205,205,204,205,205,199,141,150,199,205,206,206,206,206,207,204,205,204,195,172,183,192,201,205,205,205,205,205,205,204,204,204,204,205,192,130,147,188,200,205,205,205,206,204,205,204,204,205,205,205,204,205,205,204,205,204,205,205,205,204,204,205,205,194,157,144,163,181,200,203,204,204,205,205,204,205,205,205,204,204,204,204,204,204,205,205,205,204,204,204,205,205,205,202,199,197,203,203,203,204,204,204,204,204,205,205,204,204,204,204,204,204,205,205,205,205,204,204,204,204,204,204,202,203,204,205,205,204,204,204,205,205,205,204,204,203,203,203,204,204,204,204,205,204,204,204,204,204,204,204,204,204,204,205,205,203,204,205,205,205,204,204,203,203,203,203,204,204,203,204,205,204,204,204,204,204,204,204,205,205,205,205,205,204,205,205,205,204,204,203,203,203,203,203,203,203,203,203,204,204,204,203,203,204,204,204,205,204,204,205,206,204,205,204,204,204,203,203,203,203,203,203,203,203,203,204,204,205,204,203,204,203,203,204,204,204,204,205,206,204,205,205,204,203,203,203,203,202,202,203,203,203,203,204,204,204,203,204,203,203,203,203,204,204,204,205,205
196,197,197,198,199,200,200,200,200,200,199,200,200,200,200,200,200,200,201,202,202,202,202,201,202,202,202,202,197,197,197,199,200,200,200,200,200,199,199,200,200,200,200,200,200,200,201,202,202,201,202,202,202,202,202,201,198,199,199,200,200,200,200,200,200,198,199,199,200,200,199,199,200,200,201,201,202,202,202,202,202,203,202,201,198,199,199,200,200,200,200,200,199,198,198,198,199,199,199,199,200,200,201,201,202,201,202,202,202,202,202,202,197,197,198,199,200,200,200,200,200,199,198,197,198,198,199,199,200,200,201,201,201,202,202,201,202,202,201,202,197,196,197,199,200,200,200,200,199,198,198,198,198,198,199,200,200,201,201,201,202,202,202,202,201,201,201,201,196,196,196,198,199,200,199,199,198,198,198,198,198,199,200,201,201,198,197,202,202,202,202,202,201,201,201,201,196,196,197,198,199,198,198,198,197,198,197,198,198,199,200,193,160,140,137,189,201,202,202,202,202,202,202,201,196,197,198,199,198,198,198,198,197,197,197,198,197,199,192,147,166,189,137,167,201,201,202,202,202,202,201,201,195,196,198,199,198,198,198,198,197,197,196,196,197,194,148,170,198,200,142,167,201,201,201,202,202,201,202,201,196,197,197,199,199,199,198,197,197,196,195,196,197,159,159,195,199,196,135,185,200,201,201,201,201,201,201,201,197,197,197,199,199,198,197,197,197,197,197,199,185,150,191,200,198,163,152,198,200,201,201,200,201,201,201,201,197,197,197,198,198,197,196,196,196,197,198,194,153,183,200,193,154,151,191,200,201,201,201,201,201,201,201,201,197,197,197,197,197,196,196,196,197,197,198,169,169,188,156,125,142,191,200,200,200,201,201,201,200,201,201,200,197,197,197,197,197,197,197,197,197,198,186,144,191,183,150,158,142,148,194,200,200,200,201,201,201,201,200,199,197,197,198,197,197,197,197,197,196,197,159,167,198,200,199,199,194,143,153,197,200,200,201,201,201,200,200,199,194,195,197,197,197,197,196,196,196,180,137,193,199,199,199,198,199,188,126,190,199,200,201,201,201,200,200,200,194,194,196,197,197,196,196,196,194,137,160,199,199,199,199,199,199,192,123,187,200,199,200,200,201,201,201,200,193,195,196,198,197,198,197,197,186,112,149,195,199,199,200,199,193,148,146,196,199,199,200,200,201,201,200,200,193,195,197,198,198,198,199,198,150,148,139,135,170,174,170,161,127,131,190,200,199,199,200,200,200,200,199,199,195,196,197,198,198,199,199,186,115,184,196,185,178,157,143,151,171,194,199,200,200,200,199,200,199,198,197,198,195,195,196,196,197,198,198,157,119,196,200,199,201,199,199,199,199,200,200,200,200,200,200,200,200,198,197,198,194,194,195,196,197,197,191,142,181,198,198,198,200,200,200,200,200,200,200,200,200,200,200,200,200,198,198,200,194,194,195,196,197,198,175,147,195,197,197,197,198,199,199,199,200,200,200,201,201,201,201,200,200,200,200,199,195,195,195,197,196,197,194,192,196,197,197,198,199,199,199,199,200,200,200,201,200,201,200,200,200,199,199,199,193,194,195,195,196,196,196,196,196,196,198,199,200,199,199,199,200,200,200,200,200,200,200,200,199,199,199,199,192,194,195,195,196,196,195,196,196,197,199,200,200,199,199,199,199,200,200,200,200,200,199,200,199,199,199,199,193,194,194,195,196,196,196,196,197,198,200,200,200,200,199,198,200,200,200,200,199,200,200,200,199,199,199,200
201,200,199,197,197,198,197,199,201,201,201,202,201,201,201,199,201,201,201,201,200,201,200,202,203,202,202,200,200,200,199,198,197,197,198,200,201,202,202,202,202,201,201,201,202,202,201,200,200,200,200,200,202,202,202,202,200,200,199,199,200,198,199,201,202,202,202,202,202,202,202,202,201,202,201,200,200,200,200,200,200,201,201,201,201,200,198,199,198,196,197,200,202,202,202,202,202,202,202,201,201,201,201,199,199,199,197,199,199,200,201,201,201,200,198,199,199,199,198,198,200,201,202,202,202,202,201,200,199,198,197,198,198,198,198,199,200,200,201,201,201,200,198,199,199,199,199,200,200,201,201,201,201,201,200,197,194,195,195,188,170,170,197,199,200,200,200,200,201,201,199,199,198,198,198,200,201,201,201,201,201,201,200,199,198,197,166,138,139,112,191,200,200,201,201,200,201,200,199,199,199,199,199,200,201,201,201,201,201,200,201,200,191,155,147,180,177,120,192,200,200,200,200,200,200,199,197,197,196,197,197,199,201,201,201,200,201,201,201,190,139,159,189,193,148,148,200,201,201,201,201,200,200,199,196,196,197,197,196,198,200,200,201,201,201,201,192,152,165,193,197,181,124,186,201,200,201,201,200,200,200,198,196,196,197,197,196,197,199,200,201,200,201,192,154,170,195,195,178,130,172,200,201,201,201,201,200,200,200,198,195,195,196,196,196,197,199,200,200,200,196,154,173,198,189,165,135,165,197,201,201,201,201,201,200,201,200,199,196,196,196,195,197,198,199,200,200,197,162,170,192,160,126,151,188,199,200,201,200,200,201,201,201,201,200,198,196,194,194,195,197,199,200,201,199,172,164,198,172,106,122,178,199,200,200,201,201,201,201,201,201,201,200,198,196,196,196,195,196,199,201,200,170,156,195,200,199,191,173,139,164,200,201,201,201,201,202,202,201,201,199,199,197,196,195,195,197,199,195,183,149,192,200,201,201,202,201,186,126,185,201,200,201,201,201,201,201,201,200,197,192,192,193,194,196,197,170,128,158,193,200,200,201,201,201,200,139,158,199,200,201,201,201,201,201,201,198,196,194,195,194,196,196,196,157,157,135,128,163,182,189,191,190,181,114,161,195,199,201,201,201,201,201,200,199,197,196,195,195,196,197,174,160,197,196,181,165,159,134,126,120,122,147,190,196,198,200,201,201,201,201,199,198,196,193,195,195,195,184,143,186,199,199,200,198,196,189,183,187,192,195,197,198,198,200,200,201,201,201,200,198,197,197,196,195,192,129,141,196,198,199,200,200,199,198,195,196,196,195,196,198,199,199,200,200,201,201,201,199,199,199,199,198,170,105,171,198,198,199,199,200,199,198,196,197,196,195,196,197,198,199,200,200,201,201,201,199,198,198,198,198,132,127,195,199,199,200,199,199,199,197,196,196,196,196,197,198,199,199,199,199,200,200,200,199,197,195,195,183,110,170,200,200,200,200,200,199,198,197,196,195,196,196,197,198,199,199,199,199,199,200,200,199,198,196,195,187,156,194,200,200,200,200,200,199,199,198,196,195,197,197,197,199,199,199,199,199,200,200,200,198,197,196,193,194,196,198,199,199,200,200,200,199,199,197,195,195,195,196,196,198,199,199,199,200,199,199,200,196,195,194,194,194,195,198,199,199,200,200,200,200,199,197,196,195,194,196,198,199,199,199,199,199,200,200,200,195,194,195,195,196,196,197,199,199,200,200,200,200,200,198,195,196,194,193,197,199,199,200,199,199,200,200,200
209,208,208,208,208,208,208,209,209,209,208,207,208,207,207,207,207,207,206,207,207,208,208,208,207,206,207,207,208,207,208,208,208,208,208,208,209,209,208,208,208,207,207,206,206,207,207,206,207,208,208,207,208,207,206,207,208,208,207,208,208,207,208,208,208,208,207,207,207,207,207,207,206,206,206,206,207,207,208,207,208,207,206,206,207,208,208,208,208,208,208,208,208,208,207,208,208,207,207,207,206,207,206,206,207,207,207,206,207,206,206,206,208,208,208,208,208,207,208,207,207,207,207,207,207,207,207,207,206,206,206,207,206,207,207,206,206,207,206,206,209,208,208,208,208,207,207,206,207,207,206,206,206,207,207,207,206,206,207,207,207,207,206,206,206,206,206,206,208,209,208,208,207,207,207,206,206,206,206,206,206,207,207,207,207,207,206,206,206,206,206,206,206,206,206,206,207,208,207,207,207,207,206,206,207,207,207,206,207,207,207,207,207,207,205,205,206,206,206,206,205,205,205,206,207,207,207,206,206,207,207,206,207,207,207,206,206,207,206,206,207,206,205,205,205,205,206,206,205,205,205,205,207,207,206,206,206,206,206,206,206,207,207,207,207,206,206,207,206,206,206,204,198,197,207,206,205,205,205,205,207,207,206,206,206,206,206,207,207,207,207,207,206,202,198,201,205,207,205,190,157,180,206,205,205,205,205,205,207,207,207,207,206,206,207,207,206,204,191,168,152,146,138,145,196,205,189,140,161,202,205,205,205,205,205,205,207,207,206,206,207,207,207,207,196,163,154,178,190,194,190,153,150,176,135,171,202,205,205,205,205,205,205,205,207,207,206,207,207,207,206,194,149,171,201,205,205,205,204,191,109,121,176,202,204,205,205,205,205,205,205,205,207,206,206,206,207,207,185,153,184,202,204,204,206,203,179,141,116,134,199,203,204,204,205,205,205,205,205,205,206,205,205,206,207,190,123,166,202,206,206,201,183,139,131,166,186,123,178,203,204,204,205,205,205,205,205,205,206,205,205,206,205,144,146,198,200,192,170,130,124,157,195,203,204,162,138,200,205,205,205,205,205,205,204,204,207,206,205,206,204,153,150,159,148,125,128,156,191,204,204,204,204,194,124,155,201,205,204,205,204,205,204,204,207,207,206,205,206,196,183,181,185,190,201,204,205,205,205,206,205,204,186,136,138,169,191,200,202,202,203,204,206,205,205,205,205,204,204,205,205,205,206,206,205,205,205,206,206,206,205,199,174,159,177,192,201,204,204,204,206,205,205,205,204,204,204,204,205,205,206,206,205,205,205,205,206,206,205,205,205,205,205,205,205,205,204,204,205,205,206,205,205,204,204,204,205,205,205,206,205,205,205,206,206,206,205,205,204,204,204,204,204,204,204,204,205,205,205,205,205,204,204,204,204,204,205,205,205,205,205,206,206,205,205,205,204,204,204,204,204,203,203,203,205,205,205,204,204,204,204,204,204,204,204,204,205,205,205,205,205,205,204,204,204,204,204,204,204,204,203,203,205,204,204,204,204,204,204,204,204,204,204,204,204,205,204,204,204,204,204,204,204,204,203,203,204,204,204,203,204,204,204,203,203,206,205,204,204,204,204,204,205,204,204,204,204,203,202,203,203,203,203,202,202,203,204,203,205,205,203,201,204,205,206,205,204,204,204,204,204,204,204,203,202,200,197,199,200,197,200,201,202,203,203,203,204,205,204,203,205,205,205,205,204,203,204,204,204,204,204,197,194,197,198,202,203,204,203,203,203,202,203,203
215,215,214,213,214,212,213,213,213,212,211,211,210,210,210,211,210,208,207,207,206,206,205,206,207,206,207,208,214,214,213,213,213,213,212,212,213,212,211,210,210,210,210,209,209,208,207,207,206,206,206,206,206,207,208,208,214,213,213,213,213,213,212,212,212,211,211,210,210,209,208,208,208,207,207,206,207,207,206,206,207,208,208,209,214,213,214,213,213,213,213,212,212,211,210,210,209,209,209,209,208,207,206,206,206,207,207,207,207,207,209,208,215,214,214,213,213,213,213,212,211,210,209,210,210,209,208,209,207,207,205,206,207,206,206,207,207,207,208,208,214,214,214,214,213,213,213,212,211,210,210,210,209,209,208,208,208,206,205,205,206,205,204,206,207,207,208,207,215,215,214,214,213,213,212,212,211,211,210,210,210,210,208,208,208,206,205,205,206,203,168,193,207,207,207,207,215,215,214,214,213,212,213,212,211,211,211,210,210,210,209,208,208,206,206,205,205,189,174,201,206,207,207,207,215,214,213,214,213,213,213,212,211,211,211,210,210,209,208,209,208,208,207,207,191,145,187,206,206,206,207,207,214,214,213,214,213,213,212,211,211,210,210,210,209,209,209,209,208,207,207,199,146,174,204,206,206,206,207,207,213,213,213,214,213,213,212,211,211,210,210,209,209,209,208,209,208,206,202,157,165,203,206,206,206,207,207,207,214,213,214,213,213,212,212,212,212,211,210,208,207,208,209,210,208,201,157,152,201,207,206,206,206,207,207,207,213,213,213,213,213,212,212,211,205,190,170,150,144,148,158,176,191,166,151,196,208,207,206,206,207,207,207,207,213,213,213,213,212,212,211,197,156,151,165,181,190,188,171,140,106,117,185,206,207,207,206,206,206,207,206,206,212,213,213,213,212,210,185,162,184,205,210,209,208,207,185,125,139,140,127,184,208,208,207,206,206,206,206,206,213,213,213,213,212,196,162,195,209,210,210,209,203,167,127,152,199,202,161,129,194,207,207,207,206,207,207,208,213,213,212,212,201,142,167,203,208,210,208,183,145,135,173,201,206,206,204,159,143,199,207,206,206,206,207,207,213,212,212,212,158,125,200,209,209,197,157,127,171,199,204,205,205,206,206,202,133,162,205,206,205,205,205,206,212,212,212,213,150,147,196,187,157,125,152,191,206,205,205,205,205,205,205,207,183,123,178,202,205,206,205,205,212,212,212,212,172,118,119,125,148,185,205,206,205,205,205,205,205,205,206,205,205,175,135,144,175,199,204,205,212,212,212,212,208,194,191,200,207,208,207,206,205,205,205,205,205,205,205,205,206,206,197,181,188,201,204,204,212,212,212,211,211,210,209,209,208,207,206,205,205,205,205,206,206,206,205,205,206,206,206,206,206,206,205,205,212,212,211,210,210,209,209,208,208,206,205,205,205,204,204,205,205,206,206,205,205,205,205,205,205,205,206,206,212,211,211,211,210,209,209,208,208,206,205,205,204,205,204,204,205,205,205,205,206,205,205,206,206,205,206,206,211,212,211,211,210,209,208,208,207,206,205,204,204,204,204,204,205,204,204,205,205,205,205,205,206,205,205,205,211,211,211,211,211,209,209,208,207,205,203,203,203,204,204,204,205,204,205,205,205,205,204,204,205,205,204,204,210,210,210,211,210,209,209,208,207,205,203,203,203,203,203,204,204,204,204,204,204,204,204,204,204,205,204,204,210,210,210,210,210,209,209,208,207,204,203,203,203,202,203,204,205,205,204,203,203,203,203,204,204,204,204,204
199,197,196,195,195,193,193,194,194,196,195,197,198,198,196,194,195,194,193,193,197,197,199,200,201,201,200,200,199,198,198,196,196,196,195,195,195,196,195,196,197,197,196,196,195,195,195,195,198,198,199,200,201,201,201,200,201,199,198,197,197,198,197,196,196,197,197,197,198,198,197,195,196,196,195,195,198,200,200,200,201,201,201,200,200,199,198,198,199,198,197,197,197,197,197,197,198,197,195,195,197,196,195,196,199,200,200,200,200,200,201,201,199,198,197,198,198,198,197,196,196,197,197,197,197,197,195,194,197,197,198,197,199,199,199,199,199,200,200,199,197,195,196,197,195,194,195,196,197,197,198,199,198,195,180,159,151,157,164,188,198,199,199,199,199,200,199,199,196,193,195,196,194,193,194,197,197,198,199,198,180,149,145,163,171,174,159,143,191,199,199,199,198,199,199,199,196,193,195,195,194,194,194,196,198,198,198,174,143,177,192,195,195,194,193,145,175,198,198,198,198,198,198,197,197,194,193,194,194,194,195,196,198,199,171,141,181,195,195,195,195,193,191,146,179,195,197,197,197,198,198,197,197,194,193,193,195,195,195,196,197,189,148,184,196,196,194,194,194,194,171,134,190,195,196,198,198,198,198,197,198,195,193,193,195,194,195,195,195,159,180,197,196,195,192,192,192,167,126,175,193,195,197,198,198,197,197,197,197,196,193,192,192,190,192,194,177,156,195,198,197,196,191,184,161,136,167,190,194,196,198,198,199,198,197,197,197,195,194,193,192,191,192,191,150,180,195,198,194,181,154,140,156,186,193,194,195,196,198,198,199,198,198,198,192,192,191,192,191,191,192,179,165,194,196,195,157,137,129,136,167,193,195,195,195,196,197,195,197,199,199,198,193,189,187,189,190,190,191,149,178,196,198,198,191,189,186,175,140,152,192,193,195,196,192,196,197,198,199,199,196,193,192,192,192,191,185,129,185,197,198,199,199,197,195,194,178,127,184,194,196,198,193,197,198,198,199,199,195,193,193,193,194,193,170,122,188,197,198,200,200,198,196,195,191,126,178,196,197,198,198,198,199,199,199,198,194,192,191,192,193,195,150,125,136,151,181,190,193,195,193,188,163,118,184,195,197,197,198,199,198,199,199,197,194,194,193,193,194,194,139,156,185,165,148,148,137,133,135,123,130,172,193,195,197,198,199,199,199,199,199,196,195,194,194,194,194,195,141,166,197,197,194,192,188,175,168,175,189,194,195,196,197,198,198,198,199,199,197,195,194,193,194,194,195,195,144,165,197,197,197,197,197,197,194,192,192,193,194,196,198,198,198,199,198,198,197,197,194,194,194,194,194,195,143,154,196,197,197,197,197,196,197,195,193,193,194,196,197,197,198,198,197,198,197,196,193,192,192,193,193,194,119,139,196,198,198,198,198,197,195,193,194,194,195,197,197,197,198,198,197,196,196,195,193,192,192,192,192,191,128,165,196,198,198,198,198,197,195,193,193,194,194,196,197,197,197,198,198,196,197,196,193,192,192,192,193,191,178,193,198,198,199,198,198,197,194,195,193,193,193,194,198,198,197,197,197,197,197,196,194,192,191,193,193,193,197,198,199,199,198,198,198,196,191,192,194,192,193,197,199,199,199,199,198,197,197,196,193,192,191,192,194,196,198,199,199,199,199,198,198,198,194,194,195,194,195,198,199,199,200,199,198,198,197,195,194,192,192,193,194,197,197,197,197,198,198,198,197,197,197,196,196,196,197,197,198,199,198,199,199,198,197,193
204,204,203,203,203,203,203,203,203,203,203,202,202,203,203,203,203,202,202,203,203,203,203,203,203,202,202,202,203,204,203,203,203,203,203,202,202,202,203,202,202,202,202,203,203,202,202,202,202,203,203,203,203,202,202,203,203,204,204,203,203,203,202,202,202,202,202,202,202,202,202,202,202,202,202,201,202,202,202,202,202,202,202,202,204,204,203,203,203,202,202,202,202,201,201,202,201,201,201,201,202,201,201,202,202,202,202,202,202,202,202,202,203,203,203,202,202,202,202,202,202,202,201,201,201,202,201,202,199,198,201,202,202,202,202,202,202,202,202,201,203,203,202,202,202,202,202,202,202,202,201,201,201,201,194,162,135,140,172,201,202,201,202,202,201,202,202,201,203,203,202,202,202,201,201,202,202,202,201,201,202,194,148,146,178,175,138,197,202,202,202,202,202,201,201,201,202,202,203,202,201,202,202,202,202,201,202,202,192,147,157,191,199,187,139,196,201,202,202,202,202,201,201,201,202,202,203,203,202,202,202,202,202,201,203,198,148,165,197,200,201,162,160,199,201,201,202,202,202,202,202,201,202,202,202,202,202,201,202,201,202,202,202,167,165,198,201,202,182,129,186,201,201,202,202,202,202,202,202,201,202,201,201,201,202,202,202,201,201,201,179,139,194,200,199,174,139,175,199,201,201,202,202,202,201,202,202,201,202,201,201,201,201,202,201,199,199,196,148,171,199,190,155,133,178,198,200,201,202,201,202,201,201,201,201,200,202,202,201,201,202,201,202,202,201,178,155,198,197,140,116,130,157,189,200,202,202,202,202,202,201,200,200,200,201,201,201,201,201,201,201,202,199,139,175,200,200,194,190,178,151,135,188,203,202,202,202,202,201,201,200,200,202,201,201,201,201,201,201,202,179,140,194,199,199,199,200,200,200,161,151,201,202,201,201,201,201,200,201,201,201,201,201,201,201,201,201,201,150,155,197,199,199,200,201,201,201,185,136,197,201,200,201,201,201,200,201,200,201,201,201,201,200,200,201,192,127,170,197,199,199,199,199,199,198,170,136,197,200,199,199,200,200,200,200,200,201,200,200,201,200,200,201,178,116,175,187,194,196,197,194,190,158,114,165,199,199,200,200,200,199,199,200,200,201,200,200,200,200,200,201,163,128,132,129,141,155,153,133,132,140,175,197,200,200,199,199,200,199,200,200,200,201,201,200,200,200,200,198,123,152,188,191,191,188,180,182,192,197,200,199,199,200,200,200,200,200,200,200,200,201,201,200,200,200,199,192,112,155,197,198,199,199,199,200,200,200,200,199,199,200,201,200,199,199,200,200,200,200,201,201,201,200,200,178,124,188,198,198,199,199,199,200,200,199,200,200,200,200,200,199,199,199,199,200,200,200,201,201,201,201,201,181,170,199,200,199,199,199,199,200,200,200,199,200,200,200,200,200,200,199,199,199,199,200,200,201,201,201,202,201,200,201,200,199,200,200,200,200,200,200,199,200,200,200,199,200,200,200,200,200,200,200,200,201,201,201,201,200,201,200,200,200,200,200,200,200,200,200,200,200,200,200,199,199,199,199,199,200,200,200,200,200,201,201,200,200,200,200,199,199,200,200,199,199,200,200,200,199,199,199,199,199,199,199,199,199,200,200,199,200,201,201,200,200,200,199,198,198,199,199,200,200,200,200,200,199,199,199,199,199,199,199,199,200,200,199,200,199,200,200,200,200,200,199,199,199,199,199,199,200,200,200,200,199,199,199,199,199,199,198,199,199,199
205,206,207,206,207,206,206,206,206,206,205,205,204,204,204,204,203,203,203,201,200,200,200,202,202,202,198,196,207,206,206,206,207,206,206,206,206,206,205,205,204,204,204,204,203,203,203,204,205,203,202,201,201,200,200,199,206,206,205,205,206,206,205,205,205,205,205,205,205,203,203,203,203,202,203,203,204,204,204,203,202,201,200,199,207,206,205,205,205,205,205,205,205,205,204,204,204,201,201,201,201,202,202,202,204,204,204,203,202,202,200,199,206,206,206,205,205,205,205,206,206,205,205,203,203,201,200,200,200,200,201,201,203,204,204,203,202,201,199,198,206,206,206,206,206,205,206,206,206,205,205,204,203,202,201,201,201,201,201,202,202,204,204,203,202,200,199,198,206,206,206,206,206,206,205,206,206,205,205,204,203,200,200,200,199,199,202,203,203,203,203,202,202,200,199,199,206,206,206,206,206,206,205,205,205,205,204,204,203,200,200,200,200,198,200,202,203,203,203,202,201,201,200,199,206,206,206,206,205,205,205,205,205,205,204,202,201,198,200,199,199,200,200,202,202,202,202,201,201,200,200,200,206,206,206,206,205,205,205,205,204,204,204,203,200,199,197,197,198,199,201,202,202,202,201,201,201,201,201,200,206,206,206,205,205,205,204,204,204,204,204,204,198,199,200,199,198,199,202,203,202,202,201,200,201,201,201,201,205,205,205,205,205,205,205,204,203,202,187,153,139,149,179,197,198,193,195,203,201,201,201,200,200,200,199,198,205,205,205,205,205,205,205,205,205,190,136,164,186,174,129,152,186,149,176,202,201,201,200,199,199,199,198,198,205,205,205,205,205,205,205,205,199,142,169,200,201,202,177,109,117,160,196,200,200,200,200,199,199,198,199,199,204,205,204,204,204,205,205,206,172,123,196,202,202,200,172,112,105,184,201,201,200,200,199,198,198,199,199,200,204,204,204,204,204,204,204,206,168,135,199,199,183,146,136,170,141,135,195,202,200,200,199,199,198,199,200,200,204,204,204,203,204,204,203,204,190,137,134,132,136,166,193,200,193,129,150,197,200,199,198,198,198,198,199,198,204,204,203,204,204,204,204,203,203,191,175,179,196,201,200,199,199,185,126,161,195,199,198,198,198,198,197,197,204,204,204,204,204,204,204,205,204,203,203,202,200,199,199,199,199,199,183,148,164,192,196,197,198,197,198,199,204,204,204,204,204,204,204,204,203,203,203,202,200,198,198,198,198,198,199,199,194,192,196,197,198,197,198,199,204,204,204,204,204,204,204,204,204,203,203,203,201,200,199,198,197,196,198,199,198,197,198,197,197,198,198,198,204,204,204,204,204,204,203,204,204,204,203,202,201,200,199,199,200,199,199,199,198,198,198,197,197,198,198,197,204,204,203,204,204,204,203,204,204,204,202,202,202,201,198,198,199,198,199,199,197,197,197,197,197,198,197,196,202,202,203,203,203,204,204,204,204,203,201,201,200,200,198,198,198,199,199,199,199,199,198,198,198,198,197,196,203,202,202,202,203,203,203,203,203,203,201,200,199,197,198,197,197,199,199,199,199,200,200,198,199,199,199,198,203,203,202,202,202,203,203,202,204,204,203,201,200,198,198,198,198,198,198,200,200,200,200,199,198,200,199,198,203,203,202,202,202,202,202,202,203,204,203,200,198,197,198,198,197,197,198,199,200,200,200,199,199,200,198,197,202,203,203,202,203,202,202,202,202,203,202,199,198,197,197,197,195,195,197,198,199,200,200,200,200,200,199,199
209,209,209,209,209,210,208,207,207,208,207,206,206,206,206,205,206,205,206,205,204,204,205,204,205,204,204,203,210,210,209,209,209,210,208,208,208,207,206,206,206,205,205,205,206,206,207,206,200,200,205,205,204,204,204,203,209,209,209,209,209,208,208,208,207,207,207,206,205,204,205,204,205,198,170,150,131,129,188,205,204,204,203,203,208,208,208,209,209,208,208,208,207,207,206,206,205,203,201,192,167,134,130,163,179,131,174,205,204,204,203,203,209,208,208,208,208,208,208,208,207,207,206,206,204,203,193,153,127,167,194,200,180,114,186,204,203,204,203,203,209,208,208,208,208,208,208,208,207,207,206,205,204,194,145,143,185,199,202,197,137,139,200,204,204,204,204,204,208,208,208,208,208,208,208,208,208,207,206,205,195,146,152,194,201,204,205,174,132,191,204,205,205,205,204,204,208,208,208,208,208,208,208,208,208,208,207,198,145,154,200,205,203,200,165,140,185,204,205,205,206,206,205,204,208,208,208,208,208,208,208,208,209,209,204,160,160,199,206,206,192,150,147,189,204,206,205,205,206,206,206,205,208,208,208,208,209,208,208,208,209,209,180,151,197,205,197,174,138,165,199,205,206,206,206,206,207,206,205,205,208,208,208,208,209,208,208,208,209,192,149,187,205,189,125,141,183,203,205,204,205,206,206,206,206,206,205,205,208,208,208,208,208,207,208,208,204,160,176,201,202,190,134,139,169,186,203,206,206,207,207,206,207,206,206,205,208,208,208,208,208,208,208,209,180,156,198,205,205,204,197,184,159,135,141,177,201,207,207,207,207,206,206,205,208,208,208,208,208,208,208,196,148,189,204,206,206,205,204,204,206,197,169,128,141,191,206,206,206,206,205,205,208,208,208,208,207,207,206,168,170,202,204,206,206,205,204,205,207,207,207,197,148,135,198,206,206,206,205,204,208,207,207,207,207,208,193,153,192,201,204,205,205,205,205,205,206,207,208,207,198,131,176,207,206,205,204,204,207,207,207,207,207,206,162,176,197,197,201,201,205,206,206,206,206,209,209,202,165,111,180,207,205,205,204,204,207,207,207,207,208,194,143,176,189,196,191,195,201,202,201,197,193,183,159,127,118,162,204,206,204,204,203,203,207,207,207,208,207,162,124,153,166,120,139,176,174,153,138,135,141,132,151,172,194,205,206,205,205,204,204,203,208,208,208,208,199,144,176,148,111,116,146,159,162,163,166,181,190,198,206,206,206,206,205,205,205,204,204,204,209,208,207,207,171,143,200,169,146,195,202,201,200,203,206,207,207,207,207,207,206,206,205,205,205,205,204,204,208,208,208,203,137,165,182,144,188,203,203,203,203,205,207,207,207,207,207,206,206,205,205,205,205,204,204,204,208,208,207,186,96,159,143,177,202,203,202,202,203,205,206,207,207,207,207,206,206,206,206,205,205,204,204,204,208,207,207,173,116,132,158,201,204,203,202,202,204,206,206,207,207,207,207,207,206,206,206,205,205,204,204,204,207,207,208,165,99,143,196,202,203,203,202,204,206,207,206,206,207,207,207,207,207,206,206,206,206,204,204,204,208,207,207,178,132,189,202,202,201,201,202,203,205,206,206,206,206,207,207,207,206,206,206,206,206,205,204,203,208,208,208,207,203,204,202,201,201,202,203,204,204,206,206,207,206,207,207,207,206,206,206,206,205,204,204,204,207,208,208,207,206,204,202,201,202,202,203,204,204,205,207,207,207,207,207,207,206,206,206,206,204,204,204,204
197,198,200,199,202,203,204,205,205,205,205,204,203,202,202,203,202,200,203,204,205,205,206,207,207,207,207,208,196,198,199,199,201,203,204,205,205,205,205,204,202,201,202,203,202,199,202,204,205,205,206,207,207,207,207,207,199,200,199,199,202,203,204,204,205,205,205,204,202,201,202,203,202,202,204,205,205,205,206,207,207,208,207,207,199,200,200,200,202,203,204,204,205,205,205,205,204,201,202,202,202,204,205,205,205,205,206,206,206,207,207,206,197,200,200,200,202,203,203,204,205,205,204,204,203,203,203,203,203,203,205,205,205,205,205,206,206,207,206,206,196,197,200,201,203,203,204,204,204,204,204,204,203,203,203,203,204,204,205,205,205,205,206,206,206,207,206,206,197,197,198,200,203,204,205,205,204,204,204,203,203,203,203,203,205,205,205,205,205,205,206,206,206,206,206,206,198,199,201,203,204,204,205,205,205,204,203,203,203,203,203,202,203,205,204,204,205,205,206,206,206,206,206,206,200,201,203,204,205,205,205,205,205,204,204,203,202,202,202,200,198,160,186,204,205,205,206,206,206,206,207,206,201,203,204,204,205,205,205,205,205,204,203,203,201,200,196,197,193,128,176,204,205,205,206,206,206,206,206,206,201,202,203,204,203,204,204,204,204,203,202,203,200,169,137,190,188,128,180,203,204,205,205,205,205,205,205,205,201,201,203,203,203,203,204,203,202,202,202,203,194,136,111,174,170,128,193,202,203,205,206,205,205,205,205,205,199,199,201,202,203,203,204,203,203,202,202,201,150,160,133,155,144,156,199,202,201,202,204,204,205,205,205,204,197,198,201,202,203,203,203,204,204,203,202,189,145,191,150,129,127,185,197,199,202,202,203,203,204,204,204,204,196,197,199,201,202,203,204,204,203,202,203,168,165,199,163,104,160,198,200,202,203,203,203,203,204,203,204,204,197,198,198,200,201,203,204,204,203,202,193,147,187,198,156,102,182,200,201,203,203,202,203,203,204,203,203,203,199,199,199,199,200,202,204,204,204,204,168,125,190,163,129,140,135,188,200,203,203,203,203,204,204,203,203,203,199,199,198,197,197,200,202,202,203,204,171,139,155,123,180,192,152,139,179,200,202,204,204,204,204,203,204,203,198,198,197,195,195,197,201,200,201,202,189,123,135,183,198,198,195,191,193,199,202,203,203,204,203,203,204,203,199,199,199,198,198,198,200,201,201,202,201,191,194,198,198,198,196,196,198,200,202,203,203,204,203,204,204,202,199,200,199,199,201,201,201,200,200,201,202,202,201,200,199,199,199,199,200,201,202,203,203,204,203,203,203,202,199,199,198,198,200,201,201,200,200,201,200,200,200,199,198,198,199,200,201,202,202,203,203,203,203,202,203,203,198,198,198,198,201,202,202,201,201,201,200,200,200,200,199,199,199,199,201,202,201,202,203,203,203,202,203,203,198,198,199,200,202,202,202,202,201,201,200,200,199,199,200,199,199,199,201,201,202,202,203,203,203,203,202,203,196,196,197,200,202,202,202,202,201,201,201,199,197,195,198,198,198,200,202,203,203,203,204,204,203,202,201,201,198,197,197,198,201,202,202,202,202,201,200,199,199,199,198,198,199,200,203,204,204,204,204,204,203,203,200,201,199,199,199,200,202,202,202,202,202,202,201,200,200,200,199,199,199,201,202,203,204,204,204,203,203,201,199,200,198,198,198,201,203,202,202,202,202,202,202,200,199,198,198,198,199,200,202,202,203,204,204,203,202,200,198,200
204,203,202,202,202,204,205,205,204,204,204,204,204,204,204,203,204,205,206,207,207,207,207,206,207,207,206,206,204,202,202,202,202,203,205,205,204,204,204,204,204,204,204,204,205,206,206,206,207,207,208,207,207,207,207,206,202,200,201,202,201,202,203,204,204,204,204,204,204,204,204,205,206,207,207,206,207,207,207,207,207,207,207,207,200,201,201,201,200,200,201,202,203,203,203,203,203,203,203,205,206,207,206,207,207,207,207,208,207,207,208,208,199,201,201,201,201,202,203,203,203,203,203,203,203,202,203,204,205,205,206,206,206,207,208,208,208,208,208,209,199,200,201,201,201,202,203,203,203,203,203,203,202,202,202,204,204,205,206,206,206,206,207,208,208,207,207,208,200,199,200,201,202,203,204,204,204,203,203,203,203,202,201,203,202,204,205,205,206,206,207,207,207,207,207,207,199,199,200,201,202,203,203,204,203,204,203,204,204,202,202,202,203,204,204,205,205,206,206,207,207,207,207,207,199,199,199,201,202,202,201,203,203,204,205,205,205,202,202,202,203,203,204,205,205,206,206,206,207,207,207,207,199,200,199,200,201,202,200,202,204,206,190,190,202,202,202,202,203,204,207,206,202,201,206,206,207,207,206,206,200,200,200,200,201,201,202,203,206,188,132,122,181,202,203,203,204,206,205,173,154,169,206,206,206,206,206,206,201,200,200,200,200,201,202,203,203,153,174,161,130,196,204,204,205,197,149,142,189,198,207,207,207,206,206,206,199,198,199,199,201,201,202,203,185,145,199,196,117,166,203,204,191,137,159,200,204,205,206,207,207,206,205,206,199,197,198,200,202,202,202,204,170,178,204,204,138,128,197,173,129,165,202,205,206,205,205,206,206,206,206,205,200,198,198,198,201,203,203,193,123,176,203,205,180,107,126,139,181,200,203,204,205,205,205,205,205,206,205,205,200,200,200,199,200,202,203,164,117,196,201,192,163,103,109,186,201,202,203,204,205,205,205,205,205,205,205,206,198,199,199,199,200,201,202,173,155,194,160,126,152,175,118,139,196,202,203,205,206,206,205,205,205,205,206,206,198,198,199,199,200,200,201,173,121,129,147,184,202,202,181,124,138,164,187,201,206,206,205,205,205,206,206,206,199,200,199,198,199,199,200,189,167,187,199,203,202,201,201,195,175,156,157,174,202,206,205,205,206,206,206,206,199,199,198,198,199,199,200,201,202,203,202,202,200,199,201,201,200,200,202,202,205,206,205,205,205,205,206,206,198,198,198,199,199,199,199,201,203,202,202,203,199,198,200,201,201,201,203,203,205,205,205,205,206,206,205,205,199,199,200,199,199,200,200,202,202,203,203,203,200,198,199,200,200,201,203,204,204,205,205,205,205,206,205,205,200,200,201,200,199,200,202,202,202,203,203,204,201,199,199,199,200,201,202,204,204,204,204,205,205,206,206,205,199,199,199,200,200,202,202,202,203,203,203,203,201,199,199,199,199,200,202,204,204,204,205,205,205,206,207,206,200,199,200,201,201,202,203,203,203,203,203,202,200,199,199,199,199,200,202,203,203,204,205,205,206,206,206,206,198,197,198,199,201,202,203,203,203,203,203,203,201,200,200,199,199,200,202,203,203,204,205,205,205,205,205,205,199,198,198,197,200,202,203,202,203,203,202,202,199,199,198,198,198,200,202,203,203,204,205,205,205,204,205,204,199,199,198,197,201,203,203,203,203,203,203,202,200,199,199,199,199,201,202,203,203,204,205,206,205,204,204,205
202,202,203,202,203,203,203,203,203,204,204,203,203,203,202,203,204,203,203,203,204,203,204,204,204,204,204,204,202,202,202,203,203,204,203,203,203,203,203,203,202,203,202,203,203,202,203,202,203,203,203,204,204,204,204,204,202,202,202,202,203,204,203,203,203,203,203,203,202,202,202,202,201,202,202,202,202,203,203,203,203,204,205,204,202,202,202,202,202,203,203,203,203,202,202,202,201,201,201,201,202,203,202,202,202,203,203,203,203,204,204,204,202,202,202,202,202,202,202,203,203,203,202,201,201,200,200,201,202,194,168,158,183,202,202,202,203,202,203,204,202,202,202,201,202,202,202,202,202,202,201,200,201,200,200,196,162,141,146,160,142,199,202,202,203,203,204,204,203,202,202,202,202,202,202,201,201,202,202,201,201,201,192,157,156,184,196,183,136,198,202,203,203,203,203,204,203,203,203,202,202,202,201,200,201,202,201,201,201,194,155,170,196,201,201,162,164,201,202,203,203,202,203,203,203,203,203,202,202,201,201,201,201,201,201,200,194,164,187,201,202,202,188,141,191,202,203,203,203,203,203,203,203,203,203,202,202,202,202,202,201,200,200,196,162,180,201,201,200,193,163,176,201,202,202,202,203,203,203,203,203,203,203,202,202,201,203,203,201,200,199,174,179,199,201,198,167,149,180,199,202,202,202,202,202,203,202,202,203,203,202,201,201,201,202,203,202,202,185,167,198,200,200,181,130,182,200,201,202,202,202,201,202,202,202,202,203,202,202,201,201,201,200,201,201,192,166,195,200,200,200,199,151,168,200,201,201,201,201,201,202,202,202,202,203,203,202,201,201,201,200,198,190,155,179,199,200,200,200,201,182,141,194,202,202,201,201,202,202,202,202,202,202,202,202,202,202,201,201,189,122,128,187,199,200,201,201,201,198,148,174,201,202,202,201,202,201,202,202,202,202,202,202,202,202,202,202,190,151,158,157,153,174,191,200,201,201,159,154,201,201,202,202,202,202,202,202,202,202,201,201,201,201,202,201,167,182,198,195,177,160,149,143,156,158,132,159,199,201,201,202,202,202,202,201,202,202,201,201,201,201,201,186,164,196,199,200,200,201,195,179,161,144,159,193,200,200,200,201,201,201,201,201,202,201,201,201,201,201,200,148,177,198,200,200,200,200,200,201,200,199,199,200,200,201,201,201,201,201,200,201,201,201,201,200,200,200,188,138,191,199,199,200,200,200,200,200,200,200,201,201,201,201,201,201,201,201,200,200,200,202,202,201,200,200,141,131,192,199,199,200,199,200,200,200,200,200,201,201,200,200,201,200,201,200,201,200,200,201,201,200,200,200,146,144,185,199,199,200,199,200,200,200,200,200,200,200,200,200,201,201,201,201,201,201,200,201,201,201,199,195,123,168,199,200,200,200,199,200,200,200,200,200,200,199,199,200,200,200,201,201,200,201,200,201,201,201,201,200,162,184,201,200,200,200,200,200,200,200,200,200,200,200,200,200,200,200,200,201,201,201,201,201,201,201,201,201,200,200,200,200,200,200,200,200,200,200,199,200,200,200,200,200,199,200,200,200,201,201,201,200,200,201,201,200,201,201,200,200,200,200,200,200,200,200,200,200,200,200,200,200,200,200,200,200,200,200,200,201,202,201,201,201,201,201,201,200,200,200,200,200,200,200,200,199,200,200,200,200,200,200,200,200,200,200,200,202,202,201,201,202,202,201,201,201,200,200,200,200,200,200,200,200,200,200,200,200,200,199,200,200,200,200,200
203,203,203,203,203,203,203,204,203,203,203,203,204,205,204,205,205,205,204,204,204,204,204,204,204,203,203,202,202,202,203,203,203,203,204,204,203,203,203,204,204,204,204,204,205,204,204,204,204,204,205,205,204,203,203,203,202,203,203,203,203,203,203,203,203,203,204,204,204,204,204,204,204,203,204,204,204,204,205,205,204,203,203,203,203,203,203,203,203,203,203,203,203,204,205,204,204,204,204,204,204,203,204,204,204,204,204,204,204,203,203,203,203,203,204,203,203,203,203,203,204,203,204,204,204,204,204,205,206,204,202,203,203,203,204,204,203,203,203,203,203,203,203,203,203,203,203,203,203,203,203,203,203,204,205,205,182,159,149,169,202,203,203,204,203,203,203,203,203,203,203,202,203,204,203,203,203,203,203,203,203,204,195,151,137,178,165,135,198,203,203,204,203,203,203,203,203,204,203,202,203,203,203,203,203,203,203,203,204,194,142,160,193,199,146,152,201,203,203,204,204,203,203,203,204,204,203,203,202,203,203,203,203,203,204,204,196,142,168,199,202,179,136,192,203,204,203,204,204,204,203,203,204,203,204,204,202,203,203,204,203,203,204,200,157,164,199,201,189,154,182,202,203,204,204,205,204,204,204,203,203,204,203,202,202,202,202,203,203,203,204,176,155,198,202,167,149,182,202,204,204,204,204,204,204,204,205,204,203,203,204,202,202,202,202,202,203,203,189,146,189,201,167,133,186,203,203,202,204,204,204,204,204,204,204,205,203,203,203,202,202,202,201,202,203,199,150,172,200,189,134,185,202,202,202,201,203,203,203,203,203,204,204,204,203,203,202,202,202,202,201,202,202,178,152,196,202,194,133,164,198,202,203,203,203,203,202,203,203,203,204,204,203,203,202,203,202,202,202,202,195,147,184,202,202,202,181,129,134,187,202,203,202,202,202,203,203,203,203,203,203,203,203,203,202,202,202,202,167,159,200,202,201,202,203,194,147,128,180,203,202,202,203,202,203,203,203,203,203,203,203,203,203,201,197,190,149,189,202,202,201,201,201,202,201,162,142,201,202,203,203,203,204,203,202,203,203,202,202,202,203,182,167,169,161,201,203,202,202,203,199,195,181,142,140,200,203,203,204,204,204,203,202,202,202,202,202,202,202,187,144,127,146,163,151,149,150,148,127,136,136,153,189,202,204,204,203,204,203,202,202,202,202,202,202,202,203,201,170,161,174,164,166,175,176,172,175,189,199,202,202,202,202,202,202,202,202,202,202,202,202,202,202,203,202,196,143,183,173,174,195,201,201,202,203,203,203,203,203,203,202,202,202,201,201,201,202,202,202,202,202,202,202,174,115,158,147,193,201,203,202,203,203,203,203,202,203,204,203,202,202,201,200,201,202,202,202,202,202,201,203,156,107,135,191,201,202,203,203,203,203,204,203,202,202,203,203,202,202,202,201,201,202,202,202,202,202,201,200,138,116,185,201,202,203,203,203,203,204,204,203,202,202,203,203,202,202,201,201,201,202,202,203,203,202,202,201,166,183,203,203,202,202,202,202,202,203,203,202,202,202,202,202,202,202,202,201,201,202,201,203,203,202,202,202,201,201,203,203,203,202,203,194,187,201,202,202,202,202,202,202,202,202,202,201,201,201,201,203,203,202,202,202,202,202,203,202,203,203,203,199,194,202,202,202,202,202,202,202,202,202,202,201,201,201,201,202,202,202,202,202,202,202,202,202,203,203,203,203,203,202,201,202,202,202,202,202,202,202,201,201,201,201,202
207,206,205,205,204,203,202,203,203,205,206,207,206,206,206,206,206,206,206,204,203,201,202,203,203,203,203,203,205,206,205,205,204,203,203,202,203,206,207,207,206,206,205,205,205,204,204,203,203,201,202,203,203,204,202,203,205,206,205,204,203,202,202,202,202,205,207,207,207,206,206,205,205,204,202,203,202,202,203,203,203,205,205,205,205,205,204,204,203,202,202,202,202,203,206,206,206,206,206,205,205,204,202,202,201,202,203,204,205,206,205,205,206,205,205,203,202,202,202,202,203,205,205,205,206,206,206,205,204,203,202,202,202,203,203,204,205,206,205,205,205,205,204,203,202,202,202,202,203,205,205,205,206,207,207,206,205,204,202,201,203,203,203,205,206,206,206,206,205,205,204,204,203,203,203,203,204,205,205,205,206,207,206,205,204,204,205,203,202,203,203,206,207,207,206,205,205,205,205,205,204,204,204,204,204,205,206,205,206,206,205,205,205,205,205,205,203,204,205,205,205,205,206,204,204,205,205,205,205,205,204,204,205,206,206,205,206,205,205,205,205,205,199,194,204,204,205,205,205,205,205,204,205,205,205,205,205,205,205,206,205,206,206,206,205,205,204,204,205,204,159,162,204,204,204,205,205,205,204,204,205,205,205,204,204,204,204,205,202,177,149,175,200,205,205,204,205,183,135,190,204,204,205,205,205,204,204,204,204,204,204,204,204,204,205,205,179,145,155,132,139,197,205,205,196,133,166,201,203,203,204,204,205,204,204,203,203,203,202,201,201,203,204,189,158,188,200,194,148,136,198,201,145,147,194,201,202,203,202,204,204,204,203,202,202,201,200,201,201,202,202,152,165,200,200,202,198,143,151,150,146,196,201,201,202,202,203,203,203,203,202,201,201,200,200,200,201,202,196,133,187,203,202,202,204,193,112,122,195,202,201,200,202,202,203,203,202,202,202,202,201,201,201,201,201,202,195,122,188,204,204,204,196,157,130,120,189,201,201,201,201,201,202,202,202,202,202,203,202,202,201,201,201,203,200,143,184,202,202,185,132,152,194,139,137,195,200,201,201,200,201,202,202,202,202,202,201,202,201,202,202,203,204,179,141,151,139,135,170,200,204,188,121,151,196,201,201,201,201,202,202,202,201,202,202,201,202,203,202,202,203,202,186,177,182,195,203,202,202,202,183,128,150,193,201,201,201,202,202,202,202,202,202,203,203,203,202,203,204,204,204,206,205,204,203,202,201,201,201,185,140,142,170,197,202,202,202,202,202,202,204,204,203,202,203,203,204,204,204,205,205,204,203,202,201,200,200,199,197,188,188,197,201,201,202,202,202,202,204,204,203,203,203,203,203,204,204,204,204,204,203,202,200,200,199,199,199,199,198,198,201,201,201,202,202,202,204,204,203,203,203,203,204,205,204,204,204,203,203,202,200,200,199,199,199,198,198,198,201,201,201,202,202,202,202,204,204,203,203,203,203,204,204,204,204,202,203,202,200,199,199,199,200,199,198,200,201,201,201,201,201,201,201,203,203,204,203,202,203,204,204,204,204,204,203,202,202,201,201,200,201,201,201,201,201,201,201,200,201,201,201,202,202,202,203,203,204,204,204,204,203,203,203,202,202,202,202,201,202,202,202,201,201,201,201,201,201,201,201,201,201,201,202,203,204,204,204,204,204,203,203,203,203,204,204,203,201,202,202,201,201,201,201,200,200,200,201,201,202,202,203,204,204,204,204,204,204,203,204,204,203,206,204,202,202,201,201,201,201,201,200,200,200,200
207,207,207,207,207,207,208,207,206,205,204,204,204,204,204,205,205,205,205,205,206,206,206,206,206,205,204,204,207,207,207,206,206,207,207,207,205,204,204,205,205,205,204,205,205,205,205,205,206,206,207,207,206,204,204,204,207,207,207,206,206,206,206,206,204,204,204,204,205,204,205,205,205,205,205,206,206,206,206,206,205,204,204,203,207,207,207,207,207,205,206,206,204,204,204,204,204,204,205,206,205,205,205,206,205,206,205,205,205,204,203,203,207,207,207,207,206,206,205,205,204,204,204,204,204,204,205,205,205,205,205,205,205,205,204,203,203,203,203,203,208,207,207,207,206,206,205,205,204,204,203,204,203,204,204,205,205,205,205,205,205,204,202,202,201,202,201,201,207,207,206,206,205,205,205,204,204,204,203,203,203,204,204,205,205,205,204,205,205,204,203,202,201,201,201,201,207,207,206,205,204,204,204,204,204,204,203,203,203,203,204,204,204,204,204,204,205,206,205,203,202,202,202,201,207,206,205,205,204,204,204,204,203,203,203,202,203,203,204,204,204,203,203,204,205,205,204,203,201,201,201,201,207,206,205,206,205,204,204,203,203,203,203,203,203,203,204,204,203,202,204,205,203,203,203,202,201,201,200,200,206,205,205,206,205,205,203,203,203,202,204,204,204,202,203,203,203,203,198,165,163,201,202,202,201,201,200,200,206,206,206,205,205,204,204,203,203,203,191,160,184,202,203,203,204,199,147,164,186,203,202,202,201,201,200,201,206,206,205,204,204,204,203,203,204,197,157,160,128,161,201,204,199,151,155,198,203,204,203,202,201,201,201,201,205,205,205,205,204,204,203,204,204,175,176,201,177,121,166,196,146,149,198,203,203,204,204,203,202,202,201,201,204,204,204,205,204,204,204,205,195,145,192,201,202,180,115,115,154,199,202,203,203,203,203,203,203,202,202,201,204,204,204,205,204,204,204,204,177,134,198,202,204,194,121,91,176,201,201,202,203,203,203,203,203,202,201,201,205,204,204,204,204,204,203,204,141,139,199,202,190,133,159,156,120,162,201,203,204,204,203,204,203,202,201,201,205,205,205,204,204,204,203,204,143,153,198,177,125,157,200,201,172,126,156,190,203,203,203,203,203,202,202,201,205,205,206,205,204,204,204,205,187,133,132,129,177,202,204,204,204,193,166,162,191,203,202,202,203,203,203,202,206,205,205,205,205,204,204,204,202,171,166,194,206,205,204,204,204,205,204,203,202,202,202,202,203,202,202,202,206,205,205,205,205,204,204,204,204,204,205,205,205,205,204,204,205,204,204,203,203,203,203,203,202,202,202,202,206,205,205,205,205,205,204,204,204,205,206,206,206,205,204,204,204,204,202,202,203,203,202,203,202,202,201,201,206,206,206,205,205,205,205,204,205,206,205,206,206,205,204,204,204,204,203,202,202,202,202,202,202,202,201,200,206,206,206,205,205,205,205,205,205,205,205,205,205,204,204,203,203,203,202,202,202,202,202,202,202,203,202,201,205,205,205,205,205,206,205,205,205,205,205,205,205,204,203,203,202,203,202,201,202,202,202,202,203,203,201,200,206,205,204,205,206,205,205,205,205,205,205,205,205,204,204,203,203,203,202,202,201,201,202,203,203,202,201,201,206,206,205,204,205,205,205,205,205,205,205,205,204,204,203,203,203,203,202,202,202,201,202,203,202,202,200,199,205,205,206,204,204,205,205,205,205,205,205,204,204,204,204,203,203,202,202,202,202,202,203,203,203,202,201,198
205,203,203,203,205,205,205,206,207,207,207,206,207,207,207,207,207,207,206,205,204,204,205,204,206,207,207,208,203,203,202,202,204,205,205,205,205,206,207,206,207,207,207,206,206,206,206,205,204,204,204,204,206,207,207,208,203,203,201,203,204,205,205,205,205,206,207,206,206,207,206,205,206,205,205,204,204,204,204,204,205,206,207,208,202,202,202,202,203,204,205,205,206,206,206,206,206,206,205,205,205,205,204,204,204,204,204,205,206,207,207,207,201,202,202,202,202,204,205,205,206,206,206,206,206,205,204,205,204,204,204,203,204,204,205,207,207,208,208,208,201,201,202,201,202,204,205,205,205,206,205,205,204,204,203,204,204,203,202,203,204,205,206,207,208,208,208,208,201,202,202,202,202,204,205,205,205,205,205,205,204,204,203,204,204,204,202,203,203,204,206,207,206,207,207,207,200,201,201,201,202,203,204,204,205,205,206,205,205,204,204,203,203,203,203,203,203,204,206,207,207,206,206,207,200,200,200,199,201,203,203,203,205,205,205,205,205,204,203,203,202,202,200,202,203,204,206,207,206,207,206,207,200,200,200,201,201,203,203,204,204,205,206,206,207,206,205,204,203,195,147,186,204,204,205,207,206,207,206,207,200,201,200,201,201,202,203,204,204,204,205,197,182,180,194,205,191,133,160,197,204,205,205,207,206,207,207,207,201,201,201,201,202,202,203,203,203,202,175,149,139,139,134,153,128,157,199,205,204,205,205,206,206,207,207,208,200,200,201,201,202,202,202,203,204,176,167,194,198,200,182,105,105,158,202,205,205,206,206,206,207,207,207,208,201,201,201,200,202,202,202,204,195,143,189,203,203,192,141,150,177,129,157,201,204,205,206,206,206,206,207,207,201,201,200,201,201,201,202,201,136,152,203,201,173,130,167,198,202,191,132,161,203,205,205,205,206,207,206,206,201,200,201,201,201,201,202,196,125,189,194,156,132,178,199,200,200,201,186,133,164,202,205,205,206,207,206,207,203,201,201,200,200,201,202,198,136,141,120,148,194,201,201,202,201,202,201,192,147,157,200,206,206,206,207,206,202,202,202,202,201,202,202,202,176,158,182,202,202,201,201,203,203,203,203,204,200,179,191,206,207,207,207,207,202,202,203,202,200,200,202,203,202,202,201,201,201,201,201,202,203,203,203,204,205,205,205,206,207,207,207,207,202,202,202,201,201,202,202,203,203,201,202,202,202,202,201,202,203,204,203,204,206,205,206,206,206,207,206,207,200,200,200,200,201,202,202,203,202,202,202,202,202,201,201,202,202,203,203,204,205,205,206,206,207,206,207,207,201,200,200,200,201,201,202,202,203,202,202,202,202,202,202,202,201,202,202,204,205,205,205,206,207,206,207,207,201,200,200,199,201,201,203,202,203,203,202,202,202,201,202,202,202,202,202,203,205,205,205,206,206,207,206,207,201,200,200,200,200,202,202,203,203,203,203,202,202,201,201,202,203,203,203,203,204,205,205,205,206,206,206,207,200,200,200,200,200,202,202,203,203,203,202,202,201,201,201,201,202,203,204,204,204,205,205,205,205,207,206,207,199,199,199,199,201,202,202,203,203,203,202,203,201,201,201,202,202,203,203,203,203,205,205,205,206,207,207,206,200,200,199,201,202,202,202,202,202,202,203,203,202,201,201,201,203,203,203,203,202,202,205,205,206,206,207,206,199,199,198,200,201,201,201,202,202,202,203,203,202,202,202,201,202,202,202,202,202,203,205,204,205,206,206,206
203,203,201,200,200,200,200,200,200,199,199,200,202,201,201,201,200,200,201,201,201,202,202,203,204,203,204,204,203,202,202,201,200,199,200,199,199,199,199,201,202,201,201,200,200,201,201,202,202,202,202,203,204,204,204,205,203,202,202,201,201,200,200,199,198,198,200,201,202,202,201,201,202,202,202,198,196,197,201,204,204,204,204,204,202,203,203,202,202,201,200,200,199,200,201,202,202,201,201,201,195,173,152,135,130,133,154,194,205,204,204,204,203,203,203,202,202,200,200,200,199,201,201,201,201,201,200,175,138,157,183,189,187,187,148,157,203,202,203,203,204,203,203,203,201,201,201,200,199,200,201,201,201,199,168,153,184,200,200,201,201,200,162,143,201,202,203,204,205,204,203,202,202,202,202,201,200,200,201,202,200,164,171,198,200,199,199,199,200,195,136,159,201,201,203,204,204,204,203,202,202,201,201,201,201,201,202,202,168,157,198,201,200,199,199,199,201,187,120,185,203,202,202,203,204,203,203,202,202,202,201,201,201,201,203,180,156,196,202,201,200,200,200,202,191,126,162,201,202,202,203,203,204,203,204,203,203,203,202,202,202,202,193,148,191,203,202,201,200,200,201,186,128,146,197,202,202,203,203,204,203,203,204,204,204,204,203,202,202,201,161,171,202,202,202,202,201,191,156,134,165,195,202,202,202,203,203,204,203,203,204,204,203,203,203,202,204,187,151,196,202,202,199,191,170,145,155,187,199,200,202,203,202,203,203,204,203,203,203,204,203,203,203,203,202,158,184,202,203,202,176,139,132,132,144,186,200,200,201,202,202,203,203,203,203,203,203,203,203,203,203,204,187,153,199,202,202,202,198,196,198,193,162,127,176,198,200,201,202,202,203,202,203,203,203,204,203,203,203,203,161,175,202,202,202,202,202,201,202,203,201,169,118,190,200,201,201,202,202,203,203,204,204,203,203,203,203,193,147,192,201,204,204,202,203,203,202,203,202,197,126,180,201,201,201,203,202,202,203,203,203,203,203,203,204,164,166,172,168,172,169,176,189,192,193,194,188,171,115,173,201,201,201,202,202,202,203,203,203,203,203,204,202,149,190,198,185,175,163,137,141,146,139,132,120,118,153,194,199,202,202,202,202,201,203,203,203,202,203,204,180,150,202,203,203,204,203,200,196,195,189,192,193,197,200,200,201,202,202,203,202,202,203,203,203,202,203,203,146,174,203,203,203,203,202,202,203,203,203,203,203,202,203,203,202,202,202,203,203,203,203,204,202,202,203,193,140,194,202,203,203,203,203,203,203,203,203,203,203,203,203,204,203,203,202,203,203,203,204,204,203,203,203,165,148,199,202,202,203,203,203,203,202,202,203,203,203,202,202,203,203,203,204,203,204,203,204,204,203,203,194,124,163,201,202,202,203,203,203,202,202,202,203,203,203,202,202,202,203,203,204,204,203,203,203,203,204,203,174,100,184,201,202,202,203,203,203,203,202,201,200,201,201,201,202,202,202,203,203,204,204,203,202,202,204,203,142,128,197,203,203,203,203,203,204,203,202,202,201,201,202,202,202,202,202,202,203,203,204,203,202,202,203,193,118,176,202,203,203,203,203,204,203,203,203,203,202,201,201,202,202,202,202,202,203,203,204,203,202,202,203,200,187,201,203,203,203,203,203,203,203,203,202,202,201,201,200,201,201,202,202,202,203,203,203,202,202,202,202,201,201,202,202,203,203,203,203,203,202,202,202,202,202,202,201,202,202,202,203,203,203,202,202,202
203,202,203,202,203,202,203,204,204,204,204,204,204,205,204,203,203,203,204,204,204,204,203,203,203,203,203,203,202,203,203,203,202,203,204,204,204,204,204,203,204,204,203,203,203,202,203,204,204,204,203,203,203,203,203,203,202,202,203,203,203,204,204,204,204,204,204,203,204,204,202,202,202,202,202,203,203,203,203,203,202,202,202,203,200,202,202,202,203,204,203,203,204,204,204,204,204,203,203,202,201,202,202,202,203,204,203,203,202,202,202,202,200,201,201,202,202,203,203,203,204,204,203,204,203,203,203,202,201,201,202,202,203,203,203,202,203,202,202,202,201,202,202,202,203,203,203,203,204,203,203,203,203,204,204,203,203,202,203,202,202,203,203,202,202,202,203,203,201,202,202,202,202,203,204,203,203,204,203,203,204,197,167,153,152,153,173,198,202,202,202,202,202,203,203,202,202,201,202,202,202,202,203,203,203,203,204,204,181,144,159,175,177,166,144,154,197,201,201,201,202,203,202,203,202,201,202,202,203,202,203,203,203,203,203,188,147,184,199,201,201,201,197,155,167,201,201,201,202,202,202,202,202,202,202,202,202,202,202,202,202,203,193,147,187,201,201,201,202,202,202,181,143,199,201,201,201,202,201,202,203,203,203,203,202,202,202,202,202,202,155,169,201,202,201,201,202,202,202,166,155,200,201,200,201,202,202,202,202,202,202,203,202,202,202,202,203,191,154,199,201,202,201,202,203,200,160,130,189,201,201,201,202,202,201,202,202,202,202,202,202,202,202,203,202,160,181,202,202,202,203,202,186,138,130,184,201,201,201,201,202,202,202,202,201,201,201,201,201,202,202,203,189,149,196,202,202,199,187,172,140,158,193,200,201,201,201,202,202,202,202,202,201,201,201,202,202,202,202,202,166,169,201,202,202,193,146,145,188,199,199,199,200,201,201,201,202,202,202,203,201,202,202,203,203,202,202,196,149,192,202,202,202,202,191,147,142,189,199,199,200,201,201,202,202,202,202,202,203,203,203,203,203,202,203,181,163,180,189,201,202,201,201,198,164,131,187,199,200,200,201,202,202,203,203,202,202,203,203,203,204,203,202,162,180,147,160,184,191,192,193,191,180,124,175,199,200,201,201,202,203,203,203,202,202,203,203,203,204,203,193,152,194,193,172,161,151,138,130,129,135,156,195,200,201,201,202,202,203,203,203,203,202,203,203,203,203,204,175,168,199,201,201,201,198,198,196,195,197,200,200,201,201,201,201,202,203,203,203,203,202,202,202,202,203,200,143,165,198,202,202,202,202,202,202,201,201,200,200,201,201,201,202,202,202,201,202,203,202,201,201,202,201,184,125,149,199,202,202,202,202,202,201,201,201,200,200,200,202,202,202,202,202,202,202,203,202,202,202,202,202,157,111,165,202,201,201,202,202,202,202,201,201,201,200,201,202,202,202,202,202,202,202,203,201,202,201,202,202,147,117,187,201,201,201,201,202,202,202,201,201,201,200,201,201,202,202,202,202,202,202,203,201,201,201,201,199,121,142,199,200,200,201,201,201,201,201,201,201,201,200,201,201,202,201,201,201,202,202,202,200,200,201,201,201,164,186,201,200,200,200,200,200,201,201,201,201,201,201,201,201,201,201,201,202,202,203,203,201,201,202,202,202,199,199,199,199,200,199,199,201,201,201,201,201,201,201,200,200,201,201,201,202,202,202,203,200,201,201,202,202,200,200,200,199,199,199,200,201,201,201,200,200,200,201,201,201,202,201,202,202,202,203,203
198,198,198,198,197,198,196,194,195,195,194,196,198,198,199,199,199,199,199,199,199,200,200,200,199,199,199,199,198,198,198,198,198,198,198,196,196,196,196,195,197,198,199,199,199,199,199,199,200,200,199,199,199,199,199,199,198,198,198,198,198,199,198,197,195,195,195,195,196,197,198,199,199,199,199,199,200,200,200,199,199,199,198,199,197,198,197,198,198,198,197,196,196,195,195,194,195,195,197,199,199,199,199,197,164,178,200,200,198,199,198,198,198,198,197,198,198,198,197,197,198,197,197,196,196,196,197,198,199,199,197,162,135,162,197,199,199,199,198,198,198,198,198,198,198,197,195,193,168,140,167,189,196,197,197,197,198,199,174,115,184,196,199,199,199,199,197,197,197,197,198,198,197,197,196,191,169,162,133,139,193,197,197,197,199,191,125,164,198,199,198,199,199,198,197,197,197,197,197,198,197,196,196,195,189,197,192,138,168,197,196,197,195,144,148,197,198,198,198,198,199,198,197,198,197,196,197,197,196,196,196,196,196,198,199,182,123,186,197,198,167,109,185,198,198,198,198,198,199,198,198,197,196,197,197,197,196,195,196,197,197,198,198,198,142,158,197,193,119,157,197,197,198,197,198,198,198,198,197,198,196,197,197,197,197,197,198,197,197,197,197,198,172,131,195,154,135,194,198,198,198,198,198,198,198,198,198,198,196,197,198,198,198,197,198,197,197,196,196,197,184,126,173,112,181,199,198,198,198,198,198,198,198,198,198,197,197,197,198,197,197,198,196,195,195,194,195,195,181,123,125,152,198,198,199,199,198,198,198,198,198,198,197,197,197,197,198,197,197,197,194,193,193,193,193,194,171,110,118,190,198,198,198,198,198,197,198,198,197,197,196,197,197,197,197,197,197,196,195,194,194,194,194,195,186,115,167,197,197,197,198,197,198,198,197,197,196,196,196,197,197,197,197,197,197,196,195,195,195,194,194,196,160,131,194,198,198,198,197,197,198,198,197,197,197,196,196,196,197,197,197,197,196,196,194,195,196,192,192,185,122,179,198,198,198,197,196,196,197,197,196,197,196,195,196,197,197,197,197,197,196,194,192,194,195,194,193,157,148,197,198,198,197,196,195,195,196,197,197,197,195,195,196,197,197,197,197,197,196,196,194,193,194,194,186,129,186,198,198,198,197,196,195,195,196,197,197,198,198,198,198,198,196,197,196,196,197,196,196,194,193,195,170,146,196,197,198,198,198,197,196,196,196,197,197,198,198,198,198,198,196,196,196,196,197,196,195,194,194,194,147,177,196,197,198,198,197,197,196,195,196,196,195,196,196,196,197,198,196,195,196,196,195,195,193,193,193,191,151,190,196,197,198,197,196,196,196,195,194,195,195,195,195,196,197,197,196,196,196,196,195,194,193,194,195,194,175,193,196,196,198,197,197,196,196,195,195,195,195,195,195,196,197,197,196,196,196,195,195,194,192,194,194,195,186,191,196,196,197,198,197,196,197,197,196,195,195,194,195,196,197,197,195,195,195,195,195,194,193,193,192,192,192,194,196,196,197,197,197,197,196,197,196,195,195,195,196,196,196,197,194,194,195,195,195,195,194,195,195,194,194,195,195,195,197,197,197,196,197,196,196,196,196,195,196,197,197,197,191,192,195,195,195,194,193,193,195,195,194,195,196,196,196,196,196,196,196,195,195,196,197,196,197,197,197,197,191,189,192,195,195,193,191,191,192,191,192,194,194,196,196,196,196,196,196,194,194,195,197,197,196,196,196,197
197,197,198,199,199,199,200,200,201,200,201,201,201,201,201,201,201,201,200,200,200,201,201,201,202,201,201,201,198,198,198,199,199,199,200,200,201,201,201,201,201,201,201,201,201,200,200,200,200,200,201,201,202,201,200,200,198,198,198,198,199,200,200,201,201,201,200,201,200,201,200,200,200,200,200,200,200,200,202,201,201,200,200,200,198,198,198,198,199,200,201,201,201,201,201,201,201,200,200,200,200,200,201,201,200,201,195,194,201,201,200,200,198,198,198,199,199,200,200,201,200,200,200,201,200,200,200,200,200,200,200,200,200,180,127,149,198,200,201,200,198,197,197,199,200,200,200,200,200,199,198,201,200,200,200,200,200,200,199,199,188,120,161,194,200,201,201,201,198,198,198,199,200,200,200,200,200,189,161,192,201,200,200,200,200,200,199,195,136,150,197,201,201,200,200,201,198,198,198,199,199,199,199,199,199,194,157,153,200,200,200,199,198,200,196,146,145,195,199,201,200,200,201,200,198,198,198,199,199,199,199,199,198,199,189,128,189,199,199,199,199,196,141,137,193,200,200,200,200,200,200,200,198,198,198,198,198,199,199,199,198,199,200,136,179,199,198,200,197,150,136,192,199,199,199,199,200,200,200,200,199,199,199,197,198,199,199,199,198,199,200,158,167,200,200,200,156,119,184,199,198,199,200,199,200,200,199,200,199,199,199,198,199,199,198,199,199,199,200,165,153,199,200,176,113,177,197,198,198,199,199,199,199,199,199,200,199,199,199,199,199,199,199,199,199,199,199,172,158,199,190,121,162,197,198,198,199,199,199,199,199,199,199,199,198,199,198,199,198,199,199,199,199,199,199,171,169,197,139,130,195,199,199,199,199,199,198,199,199,200,199,199,198,198,198,198,198,198,198,198,199,199,198,179,183,166,116,187,199,199,199,199,199,199,199,200,200,199,199,200,198,198,198,197,197,198,198,198,199,199,198,197,192,124,164,198,199,199,199,199,198,199,200,200,199,199,199,200,198,198,198,198,198,197,198,198,198,198,199,199,160,136,196,199,199,199,199,199,199,200,200,199,199,199,199,199,198,198,198,198,198,197,197,198,198,198,199,194,130,178,199,199,199,198,199,199,199,199,199,199,199,199,198,198,198,198,198,197,197,198,197,198,198,197,198,166,144,197,199,199,199,199,199,199,199,199,198,199,198,199,199,199,198,198,198,198,197,198,197,198,197,197,195,129,176,200,199,199,198,198,199,199,199,199,198,199,199,199,200,200,197,197,197,198,197,197,198,197,198,198,175,134,194,199,198,197,198,198,198,199,199,198,198,198,199,199,199,200,197,197,198,198,198,198,198,198,198,199,159,161,198,198,198,198,198,198,198,199,199,198,198,198,198,198,199,200,196,197,197,198,198,199,199,199,199,198,153,182,199,198,198,198,199,199,198,198,198,199,198,198,198,198,199,200,197,198,198,198,199,199,199,199,198,196,162,189,199,198,198,198,198,198,198,198,198,198,198,198,198,198,199,200,197,197,197,198,199,199,199,199,198,198,189,192,199,198,198,198,198,198,199,198,198,198,197,198,198,197,199,199,197,197,197,197,198,198,199,199,199,199,197,194,199,198,198,198,198,198,198,198,198,198,197,198,198,198,199,199,197,197,197,198,197,198,199,199,199,199,199,199,198,198,197,198,198,198,198,198,198,198,198,198,199,199,199,199,196,196,196,197,198,198,199,199,198,199,199,199,197,198,198,198,198,198,198,198,198,198,198,198,199,199,199,199
